News,Real Rating,Predicted Result
already analysis by commercial considered current despite earnings expectations expensive five forward future government growth indicates is level limiting of overvalued palantir potential prediction price projected ratio reach reflects relative returns revenue stock strong suggests the this to unrealistic us will year,0,1
among and are cap decreased departure due elon from his house in large last losers lululemon musk ongoing others portfolio president stock tesla the to top trump week white with your,0,1
american and antitrust billion by company could directly donald eu europe fine go google impacted instead investigation investments jobs money of on parent says the to trump,0,1
additionally amount and any bad believes berkshire buffett buybacks cash cautious company could did favorite first for has hathaway his in indicating is it market news not of on overvalued quarter recently record since spell stance stock street suggest the third time wall warren which,0,1
ability amid amount and bank billion capitalize chase concerns deliver demand due for gold in increased indicating is jpmorgan large metal of on preparing prices report rising tariff the to,1,0
after better came day earlier earnings expected fallen fell had helped in it lucid price rebound report stock tesla than the today which why,1,0
along apple article as back cap china explosive for gains giants growth hikes into investors mega mentions non other pauses piled roars saw stocks street tariffs tech that the to trump wall with,1,0
apple australia closed data day did fool index inflation lower motley nasdaq on price promising share take the us why,0,1
and apple as china companies fund monday more nvidia on other rise sector select sets spdr tech technology tensions than the trade up us was,1,0
and bank block businesses combined deal disney entity have hit in live ownership schwab sell share smart stake streaming taking td the their to tv walt with,1,0
and apple be been biggest buffett by cutting does doesn done first for has he his holdings in investors it know may of one position quarters something street the thing this three time wall warning warren year years,0,1
according affected also analyst article be berkshire buffett by could etf hathaway held in index indicates is owns plunge poised predicted spdr street that the to top trust vanguard wall warren which,0,1
article away caused ceo comments computing crush decades did focuses huang in industry is jensen just likely nvidia off on quantum sell stocks that the two useful which,0,1
acquisition annonce assets de france from in indicating la le major market north participation potential selling son stock strategic the,0,1
appaloosa billionaire broader buy china chip doing in indicating intel investor is its management nvidia of out position rotation sector sell should sold that the this what you,0,1
and article can chips companies computer crackdown damage doj important investigation is its mentions micro most nvidia on other own potential related reputation save server super supplier that the to,0,1
activities administration against allegations american and article association biden by ceo certain company content court educational expanded federal filing foundation government indicating its mark mentions meta of platforms pressured supports that the to zuckerberg,0,1
administration americas and billion clear conflict dangerous donald financial government in influence intel interest it lithium materials mp need of potential precedent purchased received sets stake stakes the trump with without,0,1
about ai analysts are as bull cautious company deliver drop earnings expecting expects for geopolitical in investors is keep leader nvidia optimistic performance poised seen space start stocks tech tensions the to us,1,0
and article average buying composite correction current day decline do dow every from had has historically history implying industrial is its jones just market nasdaq next opportunity recovered says similar since states stock that the this to will worst,1,0
also are article be but can costco found has in limited mentions not past retail returns sector soared stock stocks suggesting tech that the to walmart where will year years,1,0
article betting by ceo claims company computers dead development for huang indicates is jensen known little meet nvidia of quantum that the timeline useful very wave who wrong,0,1
buy dividend etf from generate high in income its passive position quarter results tesla the third to underperformed which yield,0,1
allow amazon and antitrust apple avoid by choices com competition consumers could eu face fine for give go grocery has helped in investing it its market mobile more move of open over payments potentially proactive probe reuters rivals says suppliers system the this to treatment uk wallet which will,1,0
above ai and artificial author believes better buying consider correction despite experiences financial ibm if impressive intelligence is it its long nvidia only overvalued performance price ratios significant stock term the trading valuation vs well would,0,1
against article company december earnings guidance in is its long lowering microsoft misses notable notes of one recent returns revenue season starting stock term that the to us was with work,0,1
at bought contributing has here how if intel ipo its many now nvidia of own recent share shares stock struggles surpassed to would you,1,0
ai an but clear company digit double during for gives growth hardware has here high in is its metric more multiple never nvidia of palantir posted quarters revenue run sales stock suggesting than that times traded triple valuation will,1,0
assets basis become bond concern confidence could demand dropped economist etf for forecasts haven intensify ishares manufacturing on points pressures price pushing safe says signaling the tops treasury up us year yet yield,1,0
ahead ai also and as benefiting broader from guidance impact in is jumping likely lumen momentum nvidia of performance report sector space stock the today valuations why will,1,0
also are article bank built card charge chase credit debt downturn economic first fool for half has in indicates is it its jpmorgan keep losses motley of off offs potential rate recession reserves risen rose some struggling suggesting suggests that the their to up which with,0,1
ad alphabet and as bring browser business chrome company could damage drive ecosystem google helps image into its of potential revenue sliding stock the today users was why,0,1
advertising ai alphabet and article artificial base business but buy competitive facebook instagram intelligence is it large like meta platforms powerhouse significant stock suggests that the threat to user whatsapp,0,1
apple article as become berkshire buffett buy cap could decline exposure fool for has hathaway high highlights impact in is market motley price reduce risk significant stake started stock suggests that the this to trimming valuation,0,1
about apple article at berkshire buffett buy concerned did earnings even he higher including individual investments is just mentions millions not of other others overly owns recommended sell stocks suggesting than that the trade valuation warren why,1,0
are benzinga blue by could criticized democratic electric elon energy exclusive expert for harm has his industry initiatives is led likely market more musk own potentially relationships says states storage support tesla that the to trump vehicle who with,0,1
after bulls but control cycle extends futures gains government in loom of possible report stake stock suggest tops us,1,0
article banks bulls but by carry central hikes in including invesco is major market mentions momentum most nasdaq of one qqq rate rates some still stocks that the threatens to tracked trade trades triggered trust valued,0,1
ai article artificial avoid compares in intelligence is it lower much newest noting nvidia overvalued palantir peg ratio says since stock street suggesting that the to up valuation wall,1,0
article be better brands consistent constellation contrasts earnings in inconsistent investment may microsoft more option performance suggesting that the where will with years,1,0
after are big but buyers can dip etfs following from here in into investors keep like market money putting rally reduced spdr stock strategy tariffs the were win working,1,0
amazon article as companies could defense economy for includes investors like of playing prove record sector start suggests tech the time to weakens weighting which,0,1
advanced amd article as been benefits can center challenges continues cpus data declines delay devices from has helps implies in intel it likely market micro positive processors rebound revenue rival see sentiment share stock suggests taking that the this to towards which,1,0
along average continued day economic family for is modern moving needs of performance recently ride the,0,1
aimed as back be ceo challenge chip compete contract delayed dominance for foundry higher in intel is leadership manufacturing market may moving new of or plans retirement seen semiconductor setback stock strategy suggests taiwan that the this to today tsmc under was which why with,0,1
ai an and appreciation at buy despite development future growth high indicating is it late limited of overvaluation palantir platform potential revenue sales stock strong the times to too trading,0,1
administration allow already and article as benefit better broader business challenges changes competitors could ev face falling impact in industry is it its leader like long lucid market may model more negatively players policies profitable run smaller stock suggests tesla than that the these to today trump weather while why,1,0
and article back bears benzinga bulls delayed deployment dogecoin driving due for fsd full has huge issues its nvidia of palantir predicts pushing rebound reports rollout self tesla that the timeline to trader version with,0,1
also and at be belief berkshire buffett could etf etfs for further good hathaway here in indicating investments is it its just made market markets may mean moment move not off overpriced position sold spdr surprise that the these trust warren what,0,1
ago also amazon at bargain compared correction declined estimates every few forward has investor it just know making months nasdaq potential price should stock things times to trading,1,0
advanced after ahead alphabet also as asia bounce by chip close com company earnings investing losing monday new of on report reuters sharply stock stocks streak the york,1,0
boosting company costs have improved in influencing investor lower margins operational outlook positively profit reports resulted,1,0
about applications around ceo comments computing excitement for higher huang initially ionq jensen nvidia on put quantum stock stocks surged the this timeline week why year,0,1
ai among capex for growth hype lowest market new of one players records report reported revenue sets spending the to,0,1
become climbing decision eligible for from happen has history inclusion index its nasdaq next off on paid palantir price says shopify since stock takes technologies the this to will with,1,0
battle be billion combined competitor creating deal entity like merger netflix powerhouse rivals services streaming stronger the to will wireless,0,1
an are been berkshire billionaire buffett cautious ceo conditions consecutive current equities focused for has hathaway indicating investors market most net of on prominent quarters seller sellers seven stance stocks street the value wall warning warren,0,1
ai and artificial author believes company continued crash despite fall hard in intelligence is likely overvalued palantir performance popular prediction stock strong the this to will,0,1
amd and article behind better center chip data december fallen fell gaining ground has in intel is market mentions performing revenue stock suggesting than that the why,1,0
act anticipated apple as by chief chipmakers commission competition confirmed digital driving european forward gold highs hits into investigation march markets month move pause rise scheduled stocks that the thursday under what will with,0,1
all america and are as bad be benzinga billionaire caution ceo dimon for go has he in jamie jpmorgan of secretary suggested the they treasury trump will world would,1,0
ahead and around author before believes buy despite dividend due earnings ford here is its low may motor of solid stock tariffs the to uncertainty valuation why,1,0
bankruptcy distress financial in indicate industry investors react rising the to within,0,1
ability and bank broader chase chubb confidence crisis down dropped fargo in investor is jpmorgan less market monday on stock stocks suggesting survive than the to wells why,1,0
ability and article as battles be company costly could dividend due growth in invest involvement it its johnson legal limit may need not once opportunities payouts raise reliable safe stocks suggests that the they to was which with,0,1
and delay developing end ev for ford gm great investors maintain momentum news of potentially proactively sales slowdown strategy through to year,1,0
apple article as be bring can company cycles dependent for headwind heavily house in is its latest manufacturing more move of on price qualcomm significant smartphone still suggests target that the to why,0,1
and big both broader current dividend dividends for ford has higher history including investors is its market of paying payouts regular savvy significantly special stocks than the with yield,1,0
amazon an announcement article business buy could cvs day delivery for further health impact including is local mentions need of people same stock that the to underrated which,0,1
ai apple article as australian be consumer could development feb fined gemini generated google has however integrate into is its may mentions million more negative news over overviews positive regulators search seen siri sued tech that the which,0,1
ad also among an as by desktop edge for four fraud global has high highest impacted is level microsoft mobile most of on pixalate platform rate report reveals second shows suggesting that the this top traffic web well which,0,1
apple berkshire buffett by during half hathaway his in increased its just nearly position quarter reasons second split stock the think this trimmed warren,0,1
about and are article be billion blue bright business commercial company corner dividend division during electric first ford generated half highlights in investors is may model of only pro ratio spot stock strong struggling suggests that the to traditional turn undervalued vehicle which while with yield,1,0
amazon and are article canada canadian company could for government in is like not of our plans post rally result sale service strongly suggests that the their to union us which workers,0,1
ai article big capitalize challenges companies company could customers drive face for growth hopes implementing in is its on palantir positioned problem solutions solve suggests technologies that the to well which,1,0
address advancements and are article attacks challenges charge daily facing first identity involving is leads market mentions microsoft million new recovery security significant solutions suggests targeting that the this to which with,0,1
account bank can chase compared customers direct fool for get in is less low motley new offering or other relatively the to total which with you,1,0
around billionaire david does doesn in know nvidia of purchased shares something street tepper wall,1,0
according an analyst and are believes billionaire billionaires buying cheap could cuts due etf for fund hedge index ishares managers nvidia potential rate russell selling soar stock street that the to valuations wall,1,0
account alone and are article assets author better but choice companies concentration concern etf even few for fund great half holdings holds in invested is its large like main market microsoft more most of out points stock stocks than that the this though top total vanguard with,0,1
ability and biotech companies could democratic drug expand growth if impact implemented increases johnson like limit major of party pharma pharmaceutical platform price prices proposals stocks the to ways,0,1
approach as auto back backing benzinga build cautious consumers ev evs expansion factories high indicating industry is leading new off on over plans price producer pulls tesla the to,0,1
and article can compared december etf etfs expense fees has here higher in invest ishares notes over ratio result significantly smartest spdr that the time to trust vanguard way which,0,1
adobe ai amd and chip comeback deserve from gain in is leader look market nvidia potential share space stocks struggling the to well why,0,1
and appreciation as blue can capital chip combination complete dividend etf etfs has including income of over passive past pepsico performance portfolio serve stocks that the traditional underperformed vanguard years,0,1
also and around article at be bear best billion bolster buyback capitalization case company earnings for here in inflated interest is its market may new not notes nvidia of program relative share shareholders stock suggests that the times to trading trillion underwhelming valuation why with,0,1
and assets away by com country exclusive exxonmobil from gas in indicating investing is it its major oil player previously reuters say sector selling shift sources strategic the to upstream was where,0,1
alphabet amazon and article be cap company could cyclical five fool for from high in is its leaves little market more motley next now nvidia prediction room stocks suggests surpass than that the valuation will worth years,0,1
allow american and any are article as berkshire business by capitalize cash caused companies company consider continues could declines diversified for hathaway here investors its market model on position praises recession resistant should strong tariff the to uncertainty which,1,0
announcement average correction dow following in industrial is it jones jpmorgan likely now out recession says should tariff territory the wait you,0,1
also and as coca cola contributes decision doubling down goal has in increase is its lead move of on overall packaging pepsi plastic previously seen similar single the to use waste which,0,1
article benzinga california compared fallen going have in last notes on registrations rivian stock tesla that the to vehicle what with year,0,1
across after as bond curve data declined dollar driving etf flat inflation ishares lows markets nearly over sinks stocks surged the thursday to treasury what year yields,1,0
about any apple article berkshire best buffett business by concerns decision do doing driven focus for hathaway his huge indicates is just likely major of on portion rather same sell shareholders should significant sold stock than that the to warren what you,1,0
able another appeal as compared conscious consumers during fast food giant great its lower market mcdonald negative offering only outperformed overall price priced products recession relatively resilient returns slightly stock stocks that the to was with,1,0
also and article become cap ceo company ev group has however in larger leadership light lucid market much negative notes of portrays profitable rallied remains taken technology tesla than that the this week why with,0,1
article broader can compared correction could diversification diversified due etf exposure giants heavily high holdings if in it its less lower makes may more outperform potential provide stability stocks struggle suggests tech that the those three to top valued vanguard vulnerable which,1,0
accelerated ai amd are article below center cheaper could data dominance fall focused gpus has here history in is its market mentions nvidia of offerings own pose production ramping say stock than that the this threat to up what which will,1,0
advantages and article below buy competitive despite fist for ford hand highlights hold industry investment is it its lack low make mature now of over poor profitability right should stock the trading valuation which years you,0,1
ai buying early flows for high in make money more move negative new nvidia on powell room shows to trade trading trump,0,1
be bonds can could dangerous diversified funds grow help here in index investing it loss market mistake more of or particularly playing quickly retirement risk safe savings still stock than the through too wealth while why with your,1,0
announcing article autonomous behind by company competitors could delay driving falling fool future highlights how in is its motley race robotaxi setback suggests technology tesla the their this which years,0,1
ability and avoiding back billions china chips complete creating future here in is know leadership loss maintaining market need nvidia on potential revenue sell to track what you,1,0
acknowledges and apple article bolster capabilities car china company could declining for however image in including intelligence iphone it launch magnificent money most negative of offers position project sales sentiment stock suggests surrounding that the today upcoming value video which,1,0
article as bank by central chief china com companies duty europe ev exclusive extremely for from have inflation investigation investing largest lower mentions rate reuters tesla than that the to want will with,1,0
are backed campaigns fueling in news russian their us used was without,0,1
about ai bezos bubble called caution higher in infrastructure investments jeff micron potential september stock suggesting why,0,1
article beat been comparison dollar general has here in indicating lost market mentions performance prediction share stronger that the to walmart why will,0,1
addition and apple article business compared due estate even food from generates giants has high higher highlights in investment is it its like long margin margins mcdonald model netflix or out profit properties real revenue safe sales significant size suggests surprise tech term tesla than that the this to where,1,0
and company drug eli for from green is its johnson light lilly market more potential program reduces revenue setback stock the this was which,0,1
and apple argues article avoid being berkshire buffett buys declining despite engine for growth hathaway high holding in income it magnificent make march net screaming stalled stock stocks that the to top valuation warren,0,1
ago amid article as billionaire buffett com concerning crash dot earnings etf for forward high highlights index indicator is of over predicted price ratio sign skyrocketing spdr that the to tops tracks trouble valuation valuations warns warren which who with years,0,1
and are benzinga by cheaper consumer could cuts demand due financing for ford going higher inflation interest lead motor on options potential purchases rate shares slowing the to trading vehicle what which with,1,0
against are at be broken by called canada com for google government has investing is land odds on pick regulation reuters silicon tech the ticket to trump up vance vp which who with,0,1
after and announced apple areas article benefit billion buy cap clear could engineering four happen has history in including indicator into investment is losing manufacturing market mentions nasdaq nearly next nvidia of off offers over sell silicon stock that the what which years,1,0
agreements allowed and apple are chrome default doj engine in keep key lawsuit maintain of ruling search shares surging to today why won,1,0
and announces article as by centers companies could data footprint founder inc industry is it largely like microsoft of on paul report suggests surpass that the threat to usage water,0,1
amd and article be big company could implying mistake now performance positive recent selling sentiment stock suggests that the towards updates why,1,0
about as bigger company consistently expectations forget growth inflation is meeting mentioned much street this threat to wall,1,0
advanced ai and are artificial business centers data designer expand expected export for gpus high impacting intelligence is its leading micron most negatively new nvidia of on performance processors regulations sinking stocks the to today tsmc why,0,1
and as away back became company course doge elon from had has higher his impact investors involvement is may musk negative of on optimistic price shares step stock tesla that the today track traded which why with,1,0
advanced ai already approach are article artificial as autonomous critical decided driving has intelligence is making mistake not now on only right road robotaxis suggests tesla that the there to use using vision,0,1
ai an analyst are as benefit by chinese darling deepseek eyes four giants hard hit is nvidia on out plunging selloff semiconductor set stocks street tech the to trillion us wall,0,1
company has high in increases investors margins price profit reports resulting stock thrilled year,1,0
and below buy has in investor ipo it its key not remains rivian shares should since sold stock the while you,1,0
be compared cybertruck different electric in international launch lightning outperforming pickup sales selling tesla the to truck underperformed units us will,1,0
activities allegations amid and bottom business by china claims compliance has illegal in intel is its line of operations stated tesla that the,1,0
amd and article case earnings expected growth higher home in is mentions of on over prices report sales shiller that the to year,1,0
compared etf fund growing has in index invesco investment is ishares last less maker million millionaire outstanding over qqq russell series significantly than the this to trust underperformed with years,0,1
ai and as buy chip described is manufacturing now of one stocks struggling the to top what with yields,0,1
able along amid and as based be been buys can company consumers cost costs customers great has increases influence leader low may not on pass power price prices rising risks stocks tariff that the to usa vendors walmart with,1,0
after and beat cold declined double earnings enthusiasm financial for indicating investor lack of positive reporting results skepticism street strong underperform wall winners,0,1
advanced and another bad becoming chip competitors dependent edge for foundry from giant great industry intel investments leading making manufacturing news on potentially production reducing semiconductor shift stock strategic that,0,1
as benzinga billionaires ceo could decline earnings enable eyes falls fortune in list mark meta misses move now on platforms potential spot the third to up zuckerberg,1,0
about ai article billion buy buyback concerns dip during expresses fist hand is it market my not nvidia over reason semiconductor stock stocks suggesting that the this to top,0,1
ai as being capabilities elon in inside musk of secret surpassed technological the warehouse,0,1
advertising amazon analyst as benzinga concern could entry for into it momentum netflix of on operating positioned positively potential pressure put sees streaming the video wars,0,1
