Date,News_Title,Sentiment_Reasoning,Sentiment
2025-09-29,4 Brilliant Growth Stocks to Buy Now and Hold for the Long Term -- Including Fluor (FLR) Stock and Opendoor Technologies (OPEN) Stock,"Strong historical performance with nearly 20% annual gains over 15 years, low expense ratio of 0.08%, diversified holdings in top technology companies",1
2025-09-14,2 Hot Stocks From Completely Different Sectors That Look Wildly Overvalued,"Used as a benchmark for comparing Palantir's valuation, with a more reasonable forward P/E of around 30x",0
2025-07-02,Toast Stock: A Fast-Growing Mid-Cap Eyeing Further Upside,"Trading at all-time highs, leading market surge with software sector performance",1
2025-06-16,Want $1 Million in Retirement? 4 Simple Index Funds to Buy and Hold for Decades.,"The article recommends the Technology Select Sector SPDR Fund as a way to gain exposure to the technology sector, which is expected to continue growing in the long run.",1
2025-06-16,Retail Sales Face Key Tariff Test: How Could Markets React To Weaker Spending?,"The article states that the Technology Select Sector SPDR Fund also lost 10% over the same 30-day period following the weak January retail report, suggesting that a decline in consumer spending could also negatively impact the technology sector.",-1
2025-04-30,Pegasystems: Mid-Cap GenAI Stock With Big Long-Term Potential,"The Technology Select Sector SPDR Fund had a total return of around -10% in 2025, underperforming Pegasystems, which had a total return of approximately -2% over the same period.",-1
2025-04-10,Hang Seng Skids Into Bear Zone As US-China Tariff War Rattles Global ETFs,The technology ETF is at risk from China's revenue and supply chain disruptions.,-1
2025-04-04,Equinix: A Smart Bet on Data Centers Dividends and AI,The article uses the XLK fund as a benchmark to highlight Equinix's and Digital Realty Trust's higher dividend yields compared to the broader technology sector.,0
2025-04-02,Markets Reel As Trump's Tariffs Hit — Magnificent 7 Set To Shed Almost $700 Billion,"The technology sector ETF is down 2.91% in after-hours trading, reflecting the broad-based selloff in tech stocks.",-1
2025-03-21,3 Growth ETFs to Buy With $1000 and Hold Forever,"The article recommends the Technology Select Sector SPDR Fund as a way for investors to gain exposure to the technology sector, which has historically offered the greatest potential for growth, despite the fund being somewhat top-heavy.",1
2025-03-20,Wall Street Holds Steady As Buffett's Berkshire Hathaway Notches Record Highs: What's Driving Markets Thursday?,"The Technology Select Sector SPDR Fund declined by 0.6%, underperforming the broader market.",-1
2025-03-14,Wall Street Bounces Back As Shutdown Risks Fade Stocks Eye Strongest Day In 4 Months: What's Driving Markets Friday?,The article's discussion of the overall market rally implies a positive sentiment for the SPDR Select Sector Fund - Technology.,1
2025-03-14,This Top Chipmaker Stock Has Rallied More Than 200% in 5 Years and It Still Looks Like a Cheap Buy,"The article uses the Technology Select Sector SPDR Fund's average P/E ratio of 36 as a benchmark to highlight TSMC's relatively low valuation, but does not make any specific comments about the fund itself.",0
2025-03-12,Wall Street Rebounds As Cooling Inflation Draws Tech Dip Buyers: What's Driving Markets Wednesday?,"The Technology Select Sector SPDR Fund outperformed, gaining 1.8%.",1
2025-03-03,Tesla Rebounds While Tariffs Weigh On Manufacturing: What's Driving Markets Monday?,The SPDR Select Sector Technology Fund XLK was down 0.63%.,-1
2025-02-14,Want $1 Million in Retirement? 9 Simple Index Funds to Buy and Hold for Decades.,"The article mentions this tech-focused ETF, which holds large positions in Apple, Microsoft, and Nvidia.",1
2025-02-10,China Sets Sights On Apple Nvidia And Other US Tech Companies As Trade Tensions Rise,The Technology Select Sector SPDR Fund was up more than 1.5% on Monday.,1
2025-02-06,Could 2025 Be a Repeat of 2022 for Big Tech?,"The article notes that the Technology Select Sector SPDR Fund is down 2% this year, indicating a cautious outlook on the tech sector as a whole.",0
2025-02-03,Trump 2.0: This Sector May See a Big Performance Boost,"The article suggests that the technology sector remains a strong play, with potential winners and losers due to the implications of the DeepSeek news, making the diversification in XLK valuable.",0
2025-02-02,3 Easy Ways to Build Up Your Portfolio in 2025,"The article recommends the Technology Select Sector SPDR ETF as a way to gain diversified exposure to the technology sector, which has outperformed the broader market over the past five years, even with recent market volatility.",1
2025-01-29,Stocks Tick Down Ahead Of Fed Meeting Nvidia Jitters Resume Trump Media Rallies: What's Driving Markets Wednesday?,"The XLK ETF is lagging, down 0.9%.",-1
2024-12-07,Why Small Caps Deserve a Spot in Your 2025 Portfolio,"The article mentions that the technology sector, which makes up 22% of the Russell 2000, contributes to the index's volatility due to rapid shifts in market sentiment.",0
2024-12-04,Tech Stocks Extend Record Highs On AI Optimism Marvell Rockets Bitcoin Hovers Near $95000: What's Driving Markets Wednesday?,"The Technology Select Sector SPDR Fund outperformed the broader market, rising 1.6%.",1
2024-12-02,Tech Stocks Rise Apple Tops Record Highs Dollar Surges Bitcoin Falls To $95000: What's Driving Markets Monday?,"The Technology Select Sector SPDR Fund outperformed, rising 1.1%.",1
2024-11-29,S&P 500 Dow Rally To Record Highs Dollar Snaps 8-Week Streak Bitcoin Soars Above $97000: What's Driving Markets Friday?,"The Technology Select Sector SPDR Fund outperformed, rising 0.9%, indicating a positive sentiment for the technology sector.",1
2024-11-27,Should Investors Chase Tech Gains Into Year-End?,"The Technology Select Sector SPDR® Fund (XLK) has gained an impressive 21.3% year-to-date and shows signs of potential for even more significant gains as it consolidates within an ascending wedge formation, just 1.96% away from its 52-week high.",1
2024-11-27,S&P 500 Gains But Hidden Weakness in Key Ratios Could Spell Trouble,"The author mentions the XLK (technology sector ETF) to XLF (financials sector ETF) ratio has already broken down, though it could use more follow-through.",-1
2024-11-14,Microsoft's Latest Earnings Highlight a Concerning Trend for the Stock,"The article mentions the Technology Select Sector SPDR Fund as a reference point for Microsoft's valuation, but does not provide a specific sentiment for the ETF.",0
2024-11-07,Nasdaq 100 Extends Record Levels Ahead Of Fed Meeting Tesla Hits 26-Month Highs Small Caps Stall: What's Driving Markets Thursday?,"The Technology Select Sector SPDR Fund outperformed, reflecting the strong performance of the tech sector.",1
2024-10-31,Stocks Tumble Nasdaq 100 Selloffs As Tech Giants Disappoint Crypto Companies Plummet: What's Driving Markets Thursday?,"The Technology Select Sector SPDR Fund lagged, down 2.4% in the market selloff.",-1
2024-10-26,Lost Decade Ahead for Stocks With Only 3% Annual Returns?,"The article argues that the Information Technology and Communication Services sectors, which now account for over 40% of the S&P 500, are much more fundamentally sound companies compared to the dot-com bubble era.",1
2024-10-25,Is the Technology Select Sector SPDR ETF a Millionaire Maker?,"The article presents the Technology Select Sector SPDR ETF as a viable investment option for those seeking to become millionaires, highlighting its strong past performance and potential to deliver robust growth.",1
2024-10-14,S&P 500 Extends Record Highs Dow Breaks 43000 Ahead Of Pivotal Earnings Week Bitcoin's Rally Lifts Crypto Stocks: What's Driving Markets Monday?,"The fund outperformed, up 1.2%.",1
2024-10-05,These Key Sectors Are Poised to Thrive No Matter Who Wins 2024 Election,"A Harris presidency is expected to support the advancement of technology and innovation, particularly in areas like AI, cybersecurity, and 5G infrastructure.",1
2024-09-27,How to Beat the Market Using a 3-Step Stock Screener,"The author is long on the Technology Select Sector SPDR ETF, indicating a positive sentiment towards the technology sector.",1
2024-09-26,Healthcare Stocks Poised to Shine? Highest Revisions Since June Signal Opportunity,"The technology sector is also attracting investor attention, with the 'Magnificent Seven' leading the charge.",1
2024-09-09,Is First Trust Technology AlphaDEX ETF a Strong ETF Right Now?,"The article compares FXL to XLK, a traditional market cap-weighted technology ETF, as an alternative option for investors.",0
2024-09-02,S&P 500: Which Sectors Are Poised for Strong Earnings Growth in 2025?,"While the tech sector's earnings estimates are still rising, the expected growth rate for 2025 is not significantly different from 2024, which could be a reason for the recent flattening of the Mag 7 and tech sector stocks.",0
2024-08-30,Chipmakers Tick Up As Nvidia Halts Sell-Off Dollar Rises As Traders Revise Fed Wagers: What's Driving Markets Friday?,"The Technology Select Sector SPDR Fund outperformed, up by 0.1%.",1
2024-08-24,2 Top Tech Stocks to Buy in August,"The article notes that the Technology Select Sector SPDR ETF has nearly doubled the return of the S&P 500 since 2019, indicating the strong performance of the tech sector in recent years.",1
2024-08-20,Do Rate Cuts Guarantee Bull Markets? History Says It’s Not That Simple,"The article challenges the common belief that tech stocks automatically benefit from rate cuts, stating that the impact can be more nuanced and that defensive sectors may perform better in such situations.",0
2024-08-05,Should You Invest in the SPDR NYSE Technology ETF (XNTK)?,"The article presents the Technology Select Sector SPDR ETF as an alternative option for investors seeking exposure to the technology sector, but does not provide a specific sentiment towards the fund.",0
2024-07-31,Microsoft ETFs Tumble as Q3 Cloud Growth Slows Down,"The ETF, which has a significant exposure to Microsoft, fell in extended trading along with the company's stock.",-1
2024-07-26,This Free Tool Can Help Identify High-Potential Technical Setups Within Minutes,"The author is long on the Technology Select Sector SPDR ETF, indicating a positive sentiment towards the technology sector.",1
2024-07-24,Has Nvidia's Stock Finally Peaked? - The Motley Fool,"The article mentions that the Technology Select Sector SPDR fund has also seen a recent pullback, indicating that the bearishness is not limited to Nvidia's stock alone.",0
2024-07-24,Immersion (IMMR) Hits 52-Week High: What's Next for Investors? - Zacks Investment Research,"The article uses the Technology Select Sector SPDR ETF as a benchmark to compare Immersion Corporation's stock performance, but does not provide any specific commentary on the ETF itself.",0
2024-07-02,Stocks Hold Steady As Powell Reassures On Disinflation Path Warns About Debt Risks; Tesla Rallies Job Openings Spike: What's Driving Markets Tuesday?,,
2024-07-01,Top Performing Industry ETFs In June: Software Leads Returns Chipmakers Attract Most Inflows,,
2024-07-01,Stocks Inch Up Bonds Dip; Tesla And EVs Rally; Oil Tops $83: What's Driving Markets Monday?,,
2024-07-01,ETF Strategies for Second Half of 2024,,
2024-06-28,Wishing You'd Bought Nvidia? Surprise! You May Already Own It!,,
2024-06-27,Who Doesn't Feel Comfortable Owning Apple? Nvidia's Upside Volatility.,,
2024-06-26,Tech Sector Lags Communication Services Despite Super Micro Nvidia Surge,,
2024-06-26,Wall Street Wavers Nvidia Resumes Losses Tesla Eyes 4-Month High Close Amazon Hits $2 Trillion Value: What's Driving Markets Wednesday?,,
2024-06-26,Is Market Broadening an Illusion? AI-Driven ETFs Doing the Trick,,
2024-06-25,Chipmakers Cruise Lines Crypto Rally Nvidia Reclaims $3 Trillion; Blue Chips Small Caps Dip: What's Driving Markets Tuesday?,,
2024-06-25,5 Most-Loved ETFs of Last Week,,
2024-06-25,Fed's Bowman Shocks Traders: 'I Remain Willing To Raise' Interest Rates If Progress On Inflation Stalls,,
2024-06-24,Semiconductor Nvidia Woes Deepen; Nasdaq 100 Slips Dow Rallies; Bitcoin Sinks To $60400: What's Driving Markets Monday?,,
2024-06-23,Nvidia and Microsoft Will Make Up Over 40% of This Popular ETF. Here's Why This Alternative ETF Could Be a Better Option.,,
2024-06-21,$5.5 Trillion In Options Are Set To Expire On Triple Witching Friday: Why Nvidia Could Take Roller Coaster Ride,,
2024-06-21,SP500: Why The Next Decade Might Underwhelm Investors,,
2024-06-21,Stocks Stall As Chip Sector Struggles To Rebound; Dollar Eyes 7-Week Peak Gold Bitcoin Retreat: What's Driving Markets Friday?,,
2024-06-21,Market Could Take Normal Routine Pause After Record Highs Strategist Says: 'Now's The Time If You Have Profits To Book Them',,
2024-06-20,S&P 500 Nasdaq 100 Dip From Record Highs As Investors Take Chipmaker Profits; Energy Sector Rebounds Yields Rise: What's Driving Markets Thursday?,,
2024-06-20,Here's What You Need to Know About Tech ETF XLK's Shake-Up,,
2024-06-20,Want $1 Million in Retirement? 9 ETFs to Buy Now and Hold for Decades.,,
2024-06-18,Should You Invest in the iShares Expanded Tech Sector ETF (IGM)?,,
2024-06-17,State Street Technology ETF To Put Nvidia Before Apple In Revamp,,
2024-06-17,Tech ETFs Faceoff: Apple Vs Microsoft,,
2024-06-17,Should You Invest in the First Trust Technology AlphaDEX ETF (FXL)?,,
2024-06-14,Stocks Ease Tech Rises Bonds Eye Strongest Week Of The Year As Consumer Sentiment Sinks In June: What's Driving Markets Friday?,,
2024-06-14,ETFs in Focus as Apple Reclaims Most Valuable Title,,
2024-06-13,Nasdaq 100 S&P 500 Close At Record Highs As Tech Stocks Reclaim Dominance: Thursday's Gainers & Losers,,
2024-06-13,No Income Tax Yes To High Import Tariffs? Trump Floats Idea To CEOs GOP Lawmakers,,
2024-06-13,Stocks Turn To Losses Bonds Rally On Falling Producer Prices Rising Jobless Claims: What's Driving Markets Thursday?,,
2024-06-13,5 ETF Zones to Benefit as Inflation Cools in May,,
2024-06-12,Apple Jumps on the AI Bandwagon: ETFs to Buy,,
2024-06-12,Bulls Push Wall Street To Record Highs On Declining Inflation; Tech Real Estate Small Caps Surge Ahead Of Fed Meeting: What's Driving Markets Wednesday?,,
2024-06-11,Stocks Ease Ahead Of Wednesday's Key Events Apple Jumps To Record Highs Bitcoin Tumbles To $66500: What's Driving Markets Tuesday?,,
2024-06-11,"Should You Bet on ""Apple Intelligence"" With These ETFs?",,
2024-06-11,"Bet on ""Apple Intelligence"" With These ETFs",,
2024-06-10,Apple Shares Slide Nearly 2% On WWDC 24 Day: Magnificent 7 Tech Stocks Hold Gains,,
2024-06-09,The SPDR Portfolio S&P 500 High Dividend ETF Owns Some High-Risk Dividend Stocks – Is It Still Worth Buying?,,
2024-06-07,Job Market Booms In May: Payrolls Surge More Than Expected Wages Increase,,
2024-06-05,Should You Invest in the Fidelity MSCI Information Technology Index ETF (FTEC)?,,
2024-06-04,Stocks Dip Even With Traders Hopeful For September Rate Cut; Bonds Extend Rally Oil Plummets: What's Driving Markets Tuesday?,,
2024-06-04,Should You Buy Apple ETFs on rebounding China's iPhone Sales?,,
2024-06-04,Is Invesco S&P 500 Equal Weight Technology ETF (RSPT) a Strong ETF Right Now?,,
2024-06-04,Should You Invest in the Invesco S&P SmallCap Information Technology ETF (PSCT)?,,
2024-06-03,VIX Spikes 8% As Stocks Sink; Bonds Gold Rise On Growth Concerns; Meme Stocks Roar Peso Plummets: What's Driving Markets Monday?,,
2024-06-03,Should You Invest in the SPDR NYSE Technology ETF (XNTK)?,,
2024-06-02,Should You Buy Amazon Stock Now or Wait for a Dip?,,
2024-05-31,Tech Stocks Crumble As Wall Street's 5-Week Rally Ends; Bonds Offer Safe Haven As Growth Worries Reemerge: What's Driving Markets Friday?,,
2024-05-31,Wall Street Snaps Five-Week Winning Streak Economic Growth Slows Inflation Holds Steady In April: This Week In The Market,,
2024-05-30,Tech Blue Chip Stocks Drop; Small Caps Real Estate Rebound As Yields Ease; Solar Industry Shines: What's Driving Markets Thursday?,,
2024-05-30,Should You Invest in the Vanguard Information Technology ETF (VGT)?,,
2024-05-30,Is First Trust NASDAQ-100-Technology Sector ETF (QTEC) a Strong ETF Right Now?,,
2024-05-28,Should You Invest in the Invesco Dorsey Wright Technology Momentum ETF (PTF)?,,
2024-05-28,Should You Invest in the iShares U.S. Technology ETF (IYW)?,,
2024-05-24,Nasdaq 100 Eyes Record High Close Fifth Positive Week As Traders Flock To AI-Linked Stocks: What's Driving Markets Friday?,,
2024-05-23,Nvidia's 10% Leap Propels Tech Indexes To Record Highs; Blue Chips Small Caps Slip: What's Driving Markets Thursday?,,
2024-05-23,Stock Market Reclaims Record Highs Nvidia Tops $1000 As AI-Driven Rally Resumes: Thursday's Top Movers,,
2024-05-23,Should You Invest in the First Trust NASDAQ-100-Technology Sector ETF (QTEC)?,,
2024-05-22,Stocks Falter Metals Fall As Traders Turn Cautious Ahead Of Fed Minutes Nvidia Earnings; First Solar Hits Record Highs: What's Driving Markets Wednesday?,,
2024-05-22,Tech ETFs on a Roll Ahead of NVIDIA Earnings,,
2024-05-21,Stocks Hold Steady On Mixed Fed Remarks First Solar Rallies Bitcoin Falls Below $70000: What's Driving Markets Tuesday?,,
2024-05-20,Stocks Gold Reach New Record Highs Cruise Stocks Rally GameStop Sinks: What's Driving Markets Monday?,,
2024-05-20,Should You Invest in the Technology Select Sector SPDR ETF (XLK)?,,
2024-05-17,Super Micro Computer and GameStop have been highlighted as Zacks Bull and Bear of the Day,,
2024-05-16,3 Sector ETFs to Play on Renewed Fed Rate Cut Hopes,,
2024-05-16,Dow Jones Hits 40000 Chinese Tech Stocks Jump To 15-Month Highs Bloodbath On Meme Stocks: What's Driving Markets Thursday?,,
2024-05-15,S&P 500 Nasdaq 100 Dow Jones Shatter Record Highs In Unstoppable Bull Market Rally,,
2024-05-15,Wall Street Jumps To All-Time Highs On Soft Inflation Bond Yields Tumble Bitcoin Soars Meme Stocks Face Carnage: What's Driving Markets Wednesday?,,
2024-05-15,Forget iPhone: 4 Reasons to Bet on Apple ETFs,,
2024-05-15,Is SPDR NYSE Technology ETF (XNTK) a Strong ETF Right Now?,,
2024-05-14,Wall Street Trades Flat On Mixed Producer Inflation; Meme Stocks See Wild Ride Bitcoin Drops: What's Driving Markets Tuesday?,,
2024-05-13,5 Sector ETFs to Bet on Q1 Revenue Growth,,
2024-05-10,Stocks Pause On Dismal Consumer Confidence; Yields Dollar Rise As Inflation Expectations Kick Higher Bitcoin Sinks: What's Driving Markets Friday? (CORRECTED),,
2024-05-09,Utilities Notch 7th Straight Session Of Gains: 'Potential Derivative Play To The AI Boom',,
2024-05-09,5 ETFs to Play the Burgeoning Corporate Buybacks,,
2024-05-09,Stocks Rebound As Rising Jobless Claims Sustain Rate-Cut Hopes Dollar Falls Gold Rallies: What's Driving Markets Thursday?,,
2024-05-08,Apple ETFs in Focus Post New iPad Launch,,
2024-05-06,The Zacks Analyst Blog Highlights Apple XLK VGT IYW and MGK,,
2024-05-06,Should You Invest in the Invesco S&P 500 Equal Weight Technology ETF (RSPT)?,,
2024-05-06,Is First Trust Technology AlphaDEX ETF (FXL) a Strong ETF Right Now?,,
2024-05-06,ETFs to Play Buffett's Investment Insights,,
2024-05-06,Stocks On Track For Third Green Session Palantir Ignites Rally In Chipmakers Commodities Rebound: What's Driving Markets Monday?,,
2024-05-05,3 Magnificent Technology ETFs to Buy With $10000 and Hold Forever,,
2024-05-03,Stocks Rally As Jobs Report Rekindles Rate Cut Hopes Apple Rockets Bitcoin Soars Above $61000: What's Driving Markets Friday?,,
2024-05-03,ETFs to Buy on Apple's Q2 Earnings Beat Largest-Ever Buyback,,
2024-05-03,Job Market Cools In April: Payrolls Miss Forecasts Wages Rise Less Than Expected (UPDATED),,
2024-05-02,Shocker Of 2024: Utilities Overtake Tech Sector — 10 Stocks Behind The Shift,,
2024-05-02,Wall Street Inches Up After Powell's Inflation Remarks; Chipmakers Rebound; Gold Crude Falter: What's Driving Markets Thursday?,,
2024-05-01,Will Apple Beat on Q2 Earnings Amid iPhone Slump? ETFs in Focus,,
2024-05-01,"What ""Sell in May""? 5 ETFs That Could Defy the Adage",,
2024-04-30,April Showers On Wall Street:  Miners Utilities Emerge As Bright Spots In Gloomy Market,,
2024-04-29,US Stocks Kick Off The Week In The Green Tesla Rockets On China's FSD Approval Yen Rallies: What's Driving Markets Monday?,,
2024-04-26,Tech Stocks Rebound As Magnificent 7 Roar On Strong Earnings Energy Giants Tumble: What's Driving Markets Friday?,,
2024-04-26,ETFs to Buy as Cloud AI Power Microsoft's Q3 Earnings,,
2024-04-25,Forget Meta-Led Slump: 3 Reasons to Buy Tech ETFs on the Dip,,
2024-04-24,What's in Store for Microsoft ETFs This Earnings Season?,,
2024-04-23,Apple ETFs in Tug-of-War Ahead of Q2 Earnings,,
2024-04-22,Stocks Set To Snap Worst Losing Streak In Nearly 2 Years Gold Sinks Bitcoin Reclaims $66000: What's Driving Markets Monday?,,
2024-04-22,Apple's Next Big Leap: How AI Software and WWDC Announcements Could Fuel Growth,,
2024-04-20,Nvidia Rally Evaporates — Did AI-Led Tech Stock Bubble Just Burst? This Data Point Offers A Clue.,,
2024-04-20,This ETF Has Beaten the S&P 500 in 9 of the Past 10 Years,,
2024-04-19,S&P 500 Nears 6-Day Slide Nasdaq 100 Faces Worst Week Since Late 2022: What's Driving Markets Friday?,,
2024-04-18,Stocks Edge Higher As Earnings Provide Support Tesla Sinks To 15-Month Lows Bitcoin Rebounds: What's Driving Markets Thursday?,,
2024-04-17,Stocks Fall As Geopolitics Economic Worries Spook Investors Chipmakers Sell Off Bitcoin Tumbles To $60000: What's Driving Markets Wednesday?,,
2024-04-16,Should You Invest in the iShares Expanded Tech Sector ETF (IGM)?,,
2024-04-15,Stocks Stay Afloat On Strong Retail Sales Middle East Relief; Bonds Drop: What's Driving Markets Monday?,,
2024-04-15,Why Microsoft Alphabet Amazon Palantir And Meta Could Rise 15% In 2024 According To Analyst,,
2024-04-15,AI Tiers And Taking Profits In Tech With Joe Albano Tech Cache,,
2024-04-15,Should You Invest in the First Trust Technology AlphaDEX ETF (FXL)?,,
2024-04-15,3 Top Artificial Intelligence (AI) ETFs That Are Hiding in Plain Sight,,
2024-04-14,3 SPDR ETFs That Could Help You Retire a Millionaire,,
2024-04-12,VIX Rockets 25% On Most Volatile Session In 2 Years; Oil Rises As Israel Braces For Iranian Attack: What's Driving Markets Friday?,,
2024-04-12,5 ETFs Leading the Tech Rebound: Will the Rally Continue?,,
2024-04-11,Apple Eyes Higher Profitability Premium Mix and In-House Technologies Drive Margin Boost: Analyst,,
2024-04-11,Microsoft's Growth Soars with AI Innovations Projected to Lead in Public Cloud by 2032: Analyst,,
2024-04-11,Stocks Bounce Back With Tech Gold Gaining After Modest Producer Inflation Data: What's Driving Markets Thursday?,,
2024-04-10,Real Estate Regional Bank Stocks Tank Energy Cushions The Blow: March Inflation Rates Shake Up Sectors,,
2024-04-10,Make Your ETF Portfolio AI-Rich in Buffett-Like Manner,,
2024-04-09,Traders Brace For Inflation Data June Rate Cut Hopes Hang By Thread: 10 ETFs That Could Be Volatile Wednesday,,
2024-04-08,Stocks Falter Ahead Of Data-Rich Week Tesla Rallies On 'Robotaxi' Push Bitcoin Reclaims $71500: What's Driving Markets Monday?,,
2024-04-08,5 Favorite Sector ETFs of Q1 Earnings,,
2024-04-05,Stocks Rally On Hot Jobs Data Defy Interest Rate Fears Gold Hits New High Oil Tops $87: What's Driving Markets Friday?,,
2024-04-04,S&P 500 Nasdaq 100 Eye Record Close As Magnificent 7 Rally Bitcoin Rebounds: What's Driving Markets Thursday?,,
2024-04-02,Should You Invest in the Fidelity MSCI Information Technology Index ETF (FTEC)?,,
2024-04-02,Is Invesco S&P 500 Equal Weight Technology ETF (RSPT) a Strong ETF Right Now?,,
2024-04-01,Should You Invest in the SPDR NYSE Technology ETF (XNTK)?,,
2024-04-01,Should You Invest in the Invesco S&P SmallCap Information Technology ETF (PSCT)?,,
2024-04-01,Stocks Fall As Dollar Treasury Yields Jump On Upbeat Manufacturing Data VIX Rallies: What's Driving Markets Monday?,,
2024-03-28,Stocks Pause As Traders Reassess Interest Rate Path Gold Makes New Highs Bitcoin Rebounds: What's Driving Markets Thursday?,,
2024-03-28,5 Good ETFs to Buy & Hold For Years,,
2024-03-28,Is First Trust NASDAQ-100-Technology Sector ETF (QTEC) a Strong ETF Right Now?,,
2024-03-28,Should You Invest in the Vanguard Information Technology ETF (VGT)?,,
2024-03-28,Missed Out on the Bull Market Recovery? 3 ETFs to Help You Build Wealth for Decades.,,
2024-03-27,Small Caps Rally Magnificent 7 Ease Gold Eyes $2200 Bitcoin Falls Below $69000: What's Driving Markets Wednesday?,,
2024-03-27,Should You Invest in the iShares U.S. Technology ETF (IYW)?,,
2024-03-25,US Stocks Drift Lower As Tech Titans Fall Oil Pushes Energy Giants Near Peaks Bitcoin Reclaims $70000: What's Driving Markets Monday?,,
2024-03-25,Should You Invest in the Invesco Dorsey Wright Technology Momentum ETF (PTF)?,,
2024-03-24,1 Stock to Buy 1 Stock to Sell This Week: Carnival Walgreens Boots Alliance,,
2024-03-24,Want $1 Million in Retirement? 9 ETFs to Buy Now and Hold for Decades.,,
2024-03-22,Stocks Level Off S&P 500 Nears Best Week Of 2024 NVIDIA Rallies For 11th Week Bitcoin Sinks: What's Driving Markets Friday?,,
2024-03-20,Should You Invest in the Technology Select Sector SPDR ETF (XLK)?,,
2024-03-19,Should You Invest in the First Trust NASDAQ-100-Technology Sector ETF (QTEC)?,,
2024-03-18,Stocks Rally With Google Tesla At The Helm But Rising Oil Prices Spark Inflation Fears: What's Driving Markets Monday?,,
2024-03-18,Is ALPS Equal Sector Weight ETF (EQL) a Strong ETF Right Now?,,
2024-03-16,5 SPDR ETFs That Could Help You Retire a Millionaire,,
2024-03-15,Inflation Squeezes Stocks Bitcoin Slips To $68000 While Commodities On Track For Best Week In Months: What's Driving Markets Friday?,,
2024-03-15,5 ETFs to Tap Microsoft's Strength,,
2024-03-14,Stocks Fall As Hot Inflation Data Derails Fed Cut Bets Bonds Tumble VIX Rallies Oil Tops $80: What's Driving Markets Thursday? (CORRECTED),,
2024-03-14,4 Best Sector ETFs to Play Now,,
2024-03-14,S&P 500 Eyes New Highs: Industrial Energy Stocks to Fuel Gains Amid Tech Wobble?,,
2024-03-14,Is SPDR NYSE Technology ETF (XNTK) a Strong ETF Right Now?,,
2024-03-13,Tech Stocks Ease As Treasury Yields Rise Commodity Rally Fuels Sector Rotation: What's Driving Markets Wednesday?,,
2024-03-12,Stocks Soar On Tech Rally; Inflation Fuels Higher Yields Bitcoin Drops Below $70000: What's Driving Markets Tuesday?,,
2024-03-11,Stocks Inch Lower Ahead Of Inflation Data Gold Takes Breather Bitcoin's Bull Run Persists: What's Driving Markets Monday?,,
2024-03-11,Equity ETFs to Boost Your Portfolio Amid Interest Rate Cut Bets,,
2024-03-11,What You Need to Know About Cash-Cow ETF Investing,,
2024-03-11,S&P 500: Correction Here Could Be a Great Buying Opportunity for Long-Term Bulls,,
2024-03-10,1 Stock to Buy 1 Stock to Sell This Week: Oracle Dollar General,,
2024-03-08,3 Attractive Tech Stocks Offering Nearly 40% Upside Potential,,
2024-03-08,Stocks Fall As Chipmakers Retreat From Highs Bitcoin Pulls Back After $70000 Gold Rises To $2200: What's Driving Markets Friday?,,
2024-03-07,S&P 500 Index Closes At Record Heights Reaches Most Overbought Conditions Since January 2020,,
2024-03-07,5 Technology ETFs Outperforming XLK This Year,,
2024-03-06,Stocks Surge Gold Hits New All-Time High Bitcoin Reclaims $67000 As Powell Reassures Wall Street: What's Driving Markets Wednesday?,,
2024-03-06,Should You Invest in the Invesco S&P 500 Equal Weight Technology ETF (RSPT)?,,
2024-03-06,3 Generative AI Software Stocks Worth Buying Amid AI Boom,,
2024-03-06,Tech Was Best In Q4 Earnings But Look To The Rest As Market Broadens,,
2024-03-05,Bears Prowl Wall Street As Magnificent 7 Tumble; Bitcoin Sinks After Record High: What's Driving Markets Tuesday?,,
2024-03-05,Qualcomm raises dividend boosting stock’s yield above 2%,,
2024-03-04,Stocks Stall Magnificent 7 Crack As Apple Tesla And Google Face Headwinds; Bitcoin Gold Eye Record Highs: What's Driving Markets Monday?,,
2024-03-04,Is First Trust Technology AlphaDEX ETF (FXL) a Strong ETF Right Now?,,
2024-03-03,1 Stock to Buy 1 Stock to Sell This Week: CrowdStrike Nio,,
2024-03-01,S&P 500 Nasdaq 100 Hit Record Highs As Dollar Treasury Yields Weaken Chipmakers Shine NYCB Sinks: What's Driving Markets Friday?,,
2024-02-29,AI Revolution Confirmed? Wedbush's Dan Ives Points To Latest Sign From Mid-Cap Tech Company 'Seeing Demand Spike',,
2024-02-29,This biotech ETF sees ‘breakout’ while U.S. small-cap technology stocks lag,,
2024-02-28,Will Apple ETFs Gain Momentum After Announcement of AI Project?,,
2024-02-28,3 AI-Centric Cybersecurity Stocks Set to Deliver Massive Sales Growth,,
2024-02-27,Beyond Tech And AI: Why The Sector Hedge Funds Prefer Is Not The One You'd Expect,,
2024-02-27,Signs Of Economic Reacceleration,,
2024-02-27,PBW: 3 Reasons That This Clean Energy Fund Deserves An Upgrade,,
2024-02-25,1 Stock to Buy 1 Stock to Sell This Week: Salesforce Beyond Meat,,
2024-02-24,Nvidia’s surge ripples across stock market — lifting AI tech and semiconductor ETFs,,
2024-02-23,Nvidia 'Cracked The Code': Analyst Says 'Golden GPUs' Have Sparked A 'Generational Tech Transformation',,
2024-02-23,3 Undervalued AI Tech Stocks to Own as Nvidia Pushes Nasdaq Toward New Record High,,
2024-02-22,10+ Stocks ETFs To Ride On Nvidia's Record-Breaking Success,,
2024-02-22,Retail Traders Are Extra Bullish: Charles Schwab Survey Shows 52% Eye Single Stock Purchases In Q1,,
2024-02-22,Top ETFs for Every Sector,,
2024-02-21,Wall Street Falters Ahead Of Fed Minutes Nvidia Earnings Cybersecurity Selloff: What's Driving Markets Wednesday?,,
2024-02-21,Nvidia Earnings Preview: Selloff in the Cards as Parabolic Rally Put to Test,,
2024-02-20,Should ALPS Equal Sector Weight ETF (EQL) Be on Your Investing Radar?,,
2024-02-20,The Dow is due for a change. These sectors may be affected.,,
2024-02-20,Wall Street Faces Selling Pressure Nvidia Investors Pull Back Ahead Of Earnings Fed Minutes: What's Driving Markets Tuesday?,,
2024-02-18,1 Stock to Buy 1 Stock to Sell This Week: Home Depot Walmart,,
2024-02-17,Asset Class And Stock Performance Since 10/27/23,,
2024-02-16,S&P 500 Nasdaq 100 Snap 5-Week Streak As Hot Inflation Prints Dent Tech Stocks,,
2024-02-16,Tech Stocks Ease On Hot PPI Yields Rise Microsoft Amazon Snap 5-Week Positive Streak: What's Driving Markets Friday?,,
2024-02-15,S&P Reclaims 5000 As Disappointing Retail Sales Put Fed Cuts Back On Track Small Caps Shine: What's Driving Markets Thursday?,,
2024-02-15,Should You Dump Apple Following Buffett? ETFs in Focus,,
2024-02-13,Top 10 Tech Stocks For 2024 (SA Quant),,
2024-02-12,Wall Street Extends Record Highs Ahead Of Key Inflation Report Bitcoin Hits $50000 NVIDIA Surpasses Amazon: What's Driving Markets Monday?,,
2024-02-12,Should You Invest in the First Trust Technology AlphaDEX ETF (FXL)?,,
2024-02-12,Should You Invest in the iShares Expanded Tech Sector ETF (IGM)?,,
2024-02-11,1 Stock to Buy 1 Stock to Sell This Week: Arista Networks Deere,,
2024-02-09,3 Market Leaders to Own Beyond the 'Magnificent 7' Stocks,,
2024-02-08,5 Sector ETFs to Play for Revenue Growth in Q4,,
2024-02-08,Should You Be Overwhelmed by Solid Q4 Earnings? ETFs to Play,,
2024-02-08,S&P 500 Tests Resistance At 5000 ARM Rockets Oil Rebounds: What's Driving Markets Thursday?,,
2024-02-07,S&P 500 Flirts With 5000 As Magnificent 7 Tops $13 Trillion NYCB Sinks: What's Driving Markets Wednesday?,,
2024-02-07,AMD Broadcom Marvell Nvidia: Big Gainers From New AI Spending,,
2024-02-07,3 Tech Stocks With Massive Potential as AI Frenzy Continues,,
2024-02-06,Tech Slides Chinese Stocks Rebound New York Community Bancorp Tumbles: What's Driving Markets Tuesday?,,
2024-02-06,The Warning Signs In The Stock Market Are Clear And Present (Technical Analysis),,
2024-02-05,Stocks Fall As Traders Dial Back Rate Cut Bets; Dollar Treasury Yields Rise: What's Driving Markets Monday?,,
2024-02-04,1 Stock to Buy 1 Stock to Sell This Week: McDonald’s PayPal,,
2024-02-02,Stocks Notch 4th Straight Positive Week Driven By Tech Meta Shines Bonds Tank On Hot Jobs Data: What's Driving Markets Friday?,,
2024-02-02,Apple Returns to Revenue Growth: 5 ETFs in Focus,,
2024-02-01,Apple Appears Poised for an Earnings Suprise: ETFs in Focus,,
2024-02-01,Should You Invest in the Fidelity MSCI Information Technology Index ETF (FTEC)?,,
2024-02-01,Stocks Recoup Post-Fed Losses As Traders Challenge Powell Regional Banks Crack Gold Rises: What's Driving Markets Thursday?,,
2024-02-01,ETF investors fled cash-like bonds in January favoring these areas of stocks and fixed income,,
2024-01-31,Nasdaq S&P 500 Slip Ahead Of Fed Meeting Regional Banks Sink After NYCB Disappoints: What's Driving Markets Wednesday?,,
2024-01-31,'Magnificent 7' Tumble As $300B Vanishes On Bleak AI Earnings: Could The Fed Make Things Worse?,,
2024-01-31,AI Drives Microsoft's Q2 Earnings: Top ETF Picks,,
2024-01-31,Is Invesco S&P 500 Equal Weight Technology ETF (RSPT) a Strong ETF Right Now?,,
2024-01-31,Should You Invest in the Invesco S&P SmallCap Information Technology ETF (PSCT)?,,
2024-01-31,For Equity Income Find Strong Balance Sheets,,
2024-01-30,US Stocks Ease Ahead Of Key Tech Earnings UPS Sinks General Motors Rallies: What's Driving Markets Tuesday?,,
2024-01-30,ETFs to Watch This Earnings-Packed Week,,
2024-01-30,Should You Invest in the SPDR NYSE Technology ETF (XNTK)?,,
2024-01-29,US Stocks Rise At Week's Start Tesla Rebounds SoFi Lucid Shine: What's Driving Markets Monday?,,
2024-01-28,1 Stock to Buy 1 Stock to Sell This Week: Microsoft General Motors,,
2024-01-27,Netflix shares are fully priced Wall Street analysts say. Here here are six other media stocks to think about.,,
2024-01-26,Is First Trust NASDAQ-100-Technology Sector ETF (QTEC) a Strong ETF Right Now?,,
2024-01-26,The Tech Sector Just Hit an All-Time High. Here Are 3 Tech-Heavy ETFs to Buy in 2024.,,
2024-01-26,90's Tech Titans Are Outshining 'Magnificent Seven' — Analyst Tells Why Market Is Going Gaga Over Them,,
2024-01-26,5 AI Stocks Set to Deliver Explosive Profit and Sales Growth,,
2024-01-26,Stocks Ease Despite Benign Inflation Data Bitcoin Stages Comeback: What's Driving Markets Friday?,,
2024-01-26,Tech Leads S&P 500 to Highs: Does Further Rally Await ETFs?,,
2024-01-25,S&P 500 Eyes Sixth Green Session Tesla Tumbles Oil At 2-Month High: What's Driving Markets Thursday?,,
2024-01-24,Stock Market Extends Record Highs S&P 500 Hits 4900 On Tech Rally Microsoft's $3 Trillion Mark: What's Driving Markets Wednesday?,,
2024-01-24,Microsoft Races To The Top Hits $3-Trillion Valuation Challenges Apple's Throne,,
2024-01-24,5 Sector ETF to Win in Q4 Earnings Season,,
2024-01-24,Should You Invest in the iShares U.S. Technology ETF (IYW)?,,
2024-01-22,S&P 500 Nasdaq Dow Jones Strike All-Time Highs Ahead Of Key Earnings This Week: What's Driving Markets Monday?,,
2024-01-22,Should You Invest in the Vanguard Information Technology ETF (VGT)?,,
2024-01-22,Should You Invest in the Invesco Dorsey Wright Technology Momentum ETF (PTF)?,,
2024-01-21,1 Stock to Buy 1 Stock to Sell This Week: Netflix Tesla,,
2024-01-20,Take that Wall Street! Pariah Capital wins again — and the picks for 2024,,
2024-01-19,S&P 500 Nasdaq Jointly Hit New All-Time Highs As AI-Driven Stocks Defy Gravity: What's Driving Markets Friday?,,
2024-01-19,‘FAAMG’ Earnings Set to Impress but Stretched Valuations Pose Big Risk Ahead,,
2024-01-18,Should You Invest in the First Trust NASDAQ-100-Technology Sector ETF (QTEC)?,,
2024-01-18,AI Drives Tech Rebound Oil Soars Bitcoin Tumbles: What's Driving Markets Thursday?,,
2024-01-18,Tesla Cools Down: Frozen Chargers and a Chilled Market,,
2024-01-17,US Stocks Sink Tech And Real Estate Hit Hard Amid Rate Concerns Dollar Surge: What's Driving Markets Wednesday?,,
2024-01-17,Microsoft Tops Apple Ahead of Q4 Earnings: 5 ETFs to Invest,,
2024-01-17,'AI Revolution' Key Narrative For Q4 Tech Earnings Says Analyst As He Flags A 'Glaring Positive' That Can Mitigate Bears' Valuation Concerns,,
2024-01-16,US Stocks Drift Lower As Dollar Treasury Yields Rise AMD Defies Gravity: What's Driving Markets Tuesday?,,
2024-01-15,ETFs In Focus as Microsoft Tops Apple as Most Valuable Public Company,,
2024-01-15,Should You Invest in the Technology Select Sector SPDR ETF (XLK)?,,
2024-01-15,Is ALPS Equal Sector Weight ETF (EQL) a Strong ETF Right Now?,,
2024-01-14,1 Stock to Buy 1 Stock to Sell This Week: Goldman Sachs Morgan Stanley,,
2024-01-12,5 Technology ETFs to Buy on a Rebound in PC Sales,,
2024-01-12,Is SPDR NYSE Technology ETF (XNTK) a Strong ETF Right Now?,,
2024-01-11,Microsoft & Apple in Tug-Of-War: ETFs in Focus,,
2024-01-10,Stocks Edge Higher Bitcoin Holds Steady Awaiting SEC's Decision: What's Driving Markets Wednesday?,,
2024-01-10,S&P 500's Projected EPS Growth In 2024: Why QQQ QQQM Might Lead The Way,,
2024-01-09,5 Sector ETFs to Bet on Ahead of Q4 Earnings,,
2024-01-09,Stocks Flip To Losses Nvidia Defies Gravity Bitcoin Pauses For A Breather: What's Driving Markets Tuesday?,,
2024-01-08,US Stocks Rebound Semiconductors Shine Boeing's Struggles Weigh On Dow: What's Driving Markets Monday?,,
2024-01-07,Top 2 Stocks For 2024 To Buy Before The Market Realizes It,,
2024-01-07,1 Stock to Buy 1 Stock to Sell This Week: JPMorgan Chase Boeing,,
2024-01-05,Are We in the Midst of a Multi-Year Bull Market?,,
2024-01-04,Tech Stocks Ease Further Bond Yields Rise Banks Outperform: What's Driving Markets Thursday?,,
2024-01-04,2024 Stock Watch: The Magnificent 7's Role in Market Performance,,
2024-01-04,Should You Invest in the Invesco S&P 500 Equal Weight Technology ETF (RSPT)?,,
2024-01-03,US Stocks Eye 3-Day Slump; Tech Crypto Sell-Off Deepens Oil Dollar Rebound: What's Driving Markets Wednesday?,,
2024-01-03,Wall Street Thinks These 2 Biotech Stocks Could Soar in 2024,,
2024-01-03,Will 2024 Be the Year of the Other 493 Stocks?,,
2024-01-03,3 Tech Stocks to Consider as Markets Eye 2024 Fed Rate Cuts,,
2024-01-02,Tech Drags On Wall Street As 2024 Kicks Off; Dollar and Treasury Yields Surge: What's Driving Markets Tuesday?,,
2024-01-01,Is First Trust Technology AlphaDEX ETF (FXL) a Strong ETF Right Now?,,
2023-12-29,5 Winning Stocks of 2023 That Could Soar Further In 2024,,
2023-12-28,What to Expect From the Q1 Earnings Reporting Cycle,,
2023-12-28,These ETF strategies won big in 2023. How one analyst sees them doing next year.,,
2023-12-28,Synopsys Offers to Acquire Ansys Sparks Stock Surge,,
2023-12-27,Apple To Release AI Siri No Tesla Robotaxi Reddit Acquisition Deep Fakes Mar US Elections And More: Deepwater Unveils 2024 Crystal Ball,,
2023-12-27,The 5 Worst Performing S&P 500 Stocks of 2023: Is It Time to Buy?,,
2023-12-23,These are the most hated assets on Wall Street -- it might be the perfect time to buy them,,
2023-12-23,These Stock Market Sectors Dominated in 2023. Is There More Room to Run in 2024?,,
2023-12-21,Markets Bounce Back Following Elevated Selling: What to Do Now,,
2023-12-21,Is the Vanguard Information Technology Index Fund the Best Tech ETF?,,
2023-12-20,A New Cybersecurity ETF (SPAM) Hits the Market,,
2023-12-20,What Should Your Portfolio Look Like in 2024?,,
2023-12-19,Widening Market Breadth Points to a Sustainable Stock Market Rally,,
2023-12-18,Some Apple Watch sales will be halted starting Thursday; stock falls,,
2023-12-18,US Stocks Extend Year-End Rally Nasdaq Flirts With Record Highs Oil Rebounds: What's Driving Markets Monday?,,
2023-12-17,1 Stock to Buy 1 Stock to Sell This Week: FedEx Nike,,
2023-12-15,5 Bargain Stocks to Buy as Fed Rate Cut Bets Fuel ‘Everything Rally’,,
2023-12-15,US Stocks Mark 7th Week Of Gains Nasdaq Moves Closer To All-Time Highs: What's Driving Markets Friday?,,
2023-12-14,Santa Rally Boosts Real Estate Stocks: 5 ETF Picks To Ride The Fed Rate Cut Wave,,
2023-12-14,Why Sub-$50B Tech Could Outshine 'Magnificent Seven' In 2024 According To Munster: Could These 5 Stocks Fit The Bill?,,
2023-12-13,Time for Apple ETFs on Optimism for Holiday Season & Beyond?,,
2023-12-13,Throw away those target-date funds and don't hold bonds at all says this daring new research,,
2023-12-12,Technology Consumer Discretionary Are Top Equity Sectors in 2023,,
2023-12-12,Should You Invest in the First Trust Technology AlphaDEX ETF (FXL)?,,
2023-12-12,Should You Invest in the iShares Expanded Tech Sector ETF (IGM)?,,
2023-12-10,Tech Enthusiasts Looking For The Perfect Holiday Gift? Munster Has These Recommendations For You,,
2023-12-10,1 Stock to Buy 1 Stock to Sell This Week: Costco ExxonMobil,,
2023-12-07,Wall Street Revels In Gains As AI Tech Titans Surge; Dollar Plunges Against Yen: What's Driving Markets Thursday?,,
2023-12-07,Invest Like Billionaires With These Stocks & ETFs,,
2023-12-07,The Zacks Analyst Blog Highlights Technology Select Sector SPDR Fund Vanguard Information Technology ETF MSCI Information Technology Index ETF iShares US Technology ETF and Vanguard Mega Cap Growth ETF,,
2023-12-06,Stocks Stall While Gold Treasuries Rise; Oil Puts Pressure On Energy Stocks: What's Driving Markets Wednesday?,,
2023-12-06,Apple Regains $3T in Market Cap: ETFs in Focus,,
2023-12-05,US Stocks Falter Bonds Dollar Gain While Bitcoin Soars Past $43000 On Rising Institutional Interest: What's Driving Markets Tuesday?,,
2023-12-04,Fed Rate Cut Speculations Rattle Stocks Commodities Slide Bitcoin Shines: What's Driving Markets Monday?,,
2023-12-03,1 Stock to Buy 1 Stock to Sell This Week: MongoDB Nio,,
2023-12-01,Stocks Gold Bonds Rally Further Dollars Tumbles As Traders Anticipate Fed Cuts: What's Driving Markets Friday?,,
2023-12-01,November Marks Best Month Since 2022: 4 Best Sectors & Stock Picks,,
2023-11-30,This Month's Top-Performing ETFs: Politics Fed Rate Cut Hopes Ignite 30%-Plus Rally In These 2 Funds,,
2023-11-30,S&P 500 Nasdaq Slip As Tech Underperforms Oil Reacts to OPEC+: What's Driving Markets Thursday?,,
2023-11-30,Chilling 2024 S&P 500 Outlook: Why JPMorgan Projects Nightmare Scenario For Stocks,,
2023-11-30,SPY: Powell's Friday Speech To Likely 'Kill' The Rally,,
2023-11-29,Should You Invest in the Invesco S&P SmallCap Information Technology ETF (PSCT)?,,
2023-11-29,3 Beaten-Down Stocks Poised for Rebound in 2024,,
2023-11-28,Should You Invest in the Fidelity MSCI Information Technology Index ETF (FTEC)?,,
2023-11-28,Is Invesco S&P 500 Equal Weight Technology ETF (RSPT) a Strong ETF Right Now?,,
2023-11-27,US Stocks Slip Tech Rises On Solid Holiday Sales Treasury Yields Soften: What's Driving Markets Monday?,,
2023-11-27,Hot Stock & ETF Deals for Cyber Monday,,
2023-11-27,Will US Stocks Lead Global Markets Again in 2024? Big Tech Has the Answer,,
2023-11-27,Should You Invest in the SPDR NYSE Technology ETF (XNTK)?,,
2023-11-26,1 Stock to Buy 1 Stock to Sell This Week: CrowdStrike Foot Locker,,
2023-11-25,SCHD: Time To Be Really Greedy,,
2023-11-24,Is First Trust NASDAQ-100-Technology Sector ETF (QTEC) a Strong ETF Right Now?,,
2023-11-24,Stocks Notch 4th Week Of Gains - Tech Falters As Yields Rise; Gold Steady At $2000: Friday's Market Recap,,
2023-11-24,Is the Broader Market Starting to Catch Up to the Magnificent 7?,,
2023-11-23,Broad Turn In Weekly Momentum Bodes Well For Stocks,,
2023-11-23,5 Leading Stocks to Be Extremely Thankful for This Thanksgiving,,
2023-11-22,S&P 500 Flirts With Key Resistance VIX Drops Nvidia In Focus: What's Driving Markets Wednesday?,,
2023-11-22,Microsoft's Dynamic Move: Shares Surge as New AI Unit Established,,
2023-11-22,Should You Invest in the Invesco Dorsey Wright Technology Momentum ETF (PTF)?,,
2023-11-22,Should You Invest in the Vanguard Information Technology ETF (VGT)?,,
2023-11-22,Should You Invest in the iShares U.S. Technology ETF (IYW)?,,
2023-11-21,Stocks Edge Down Ahead Of Fed Minutes Nvidia Earnings While Gold Hits $2000: What's Driving Markets Tuesday?,,
2023-11-21,US Housing Market Braces For Affordability As Mortgage Rates Ease: What Analysts Expect For 2024,,
2023-11-21,Is Microsoft One of the Best Among Magnificent Seven? ETFs in Focus,,
2023-11-21,Cisco: Stock Plummets on Weak Forecast Is It a Warning for Tech?,,
2023-11-20,Stocks Grind Higher Oil Rallies Dollar Falls: What's Driving Markets Monday?,,
2023-11-20,Billionaires Bullish on Big Tech: ETFs in Focus,,
2023-11-19,1 Stock to Buy 1 Stock to Sell This Week: Nvidia Deere,,
2023-11-17,"""Worst of U.S. Inflation Over""? ETF Areas Likely to Gain",,
2023-11-16,5 Sector ETFs to Tap in Falling Rate Environment,,
2023-11-15,5 ETFs Set to Gain as Inflation Cools Down,,
2023-11-15,Should You Invest in the Technology Select Sector SPDR ETF (XLK)?,,
2023-11-15,Should You Invest in the First Trust NASDAQ-100-Technology Sector ETF (QTEC)?,,
2023-11-15,3 Tech Stocks to Buy as Fed Pivot Odds Soar on Peak Inflation Bets,,
2023-11-14,Technology stocks hit record high as Nasdaq looks to exit correction territory,,
2023-11-13,3 S&P 500 Stocks With Enough Growth to Weather Any Downturn,,
2023-11-12,1 Stock to Buy 1 Stock to Sell This Week: Walmart Home Depot,,
2023-11-11,Tech stocks are breaking out defying bears and signaling year-end strength: analyst,,
2023-11-10,Tech Stocks Soar Microsoft Reaches Record High As AI Rally Resumes: What's Driving Markets Friday?,,
2023-11-10,Is SPDR NYSE Technology ETF (XNTK) a Strong ETF Right Now?,,
2023-11-09,What Tepid Outlook? Buy Apple ETFs for These 5 Factors,,
2023-11-08,ETFs to Tap Microsoft's Longest Win Streak Since 2021,,
2023-11-08,US Stocks Set To Snap Winning Streak Treasuries Rally Oil Tumbles: What's Driving Markets Wednesday?,,
2023-11-07,US Stocks Eye Longest Winning Streak In 2 Years Oil Tumbles: What's Driving Markets Tuesday?,,
2023-11-07,What Stocks Drove The Recent Record Rally? A Breakdown You Can't Miss,,
2023-11-05,1 Stock to Buy 1 Stock to Sell This Week: Uber Disney,,
2023-11-03,Apple Q4 Earnings Beat Outlook Upsets: ETFs in Focus,,
2023-11-03,The Zacks Analyst Blog Highlights XLK SMH FTEC IGV and IXN,,
2023-11-03,3 Top Growth Stocks Primed for a Powerful Year-End Rally,,
2023-11-02,Fed Stays Put: 5 Winning Tech ETFs,,
2023-11-02,Fed Stays Put: 5 Wining Tech ETFs,,
2023-11-01,Jerome Powell Weighs In Bond Bulls Return: What You Need to Know About The Fed's Latest Move,,
2023-11-01,Stocks Edge Higher Ahead Of Federal Reserve Decision Bonds Surge After Softer Treasury Refunding Plan: What's Driving Markets Wednesday?,,
2023-11-01,Is First Trust Technology AlphaDEX ETF (FXL) a Strong ETF Right Now?,,
2023-10-31,Can Q4 Earnings Give a New Lease of Life to Apple ETFs?,,
2023-10-30,Should You Invest in the Invesco S&P 500 Equal Weight Technology ETF (RSPT)?,,
2023-10-28,Wall Street Breakfast: What Moved Markets,,
2023-10-27,3 Things the Smartest Investors Know About Invesco QQQ Trust,,
2023-10-26,US Stocks Sink VIX Soars As Overheated Economy Mixed Earnings Complicate Fed's Path: What's Driving Markets Thursday?,,
2023-10-25,ETFs to Buy on Solid AI-Fueled Microsoft Q1 Earnings,,
2023-10-23,S&P 500: Year-End Rally Elusive But Some Sectors Could Still Shine,,
2023-10-20,Stocks Suffer Safe Havens Rise As Investors Fear Escalation In Middle East: What's Driving Markets Friday?,,
2023-10-20,"Earnings Preview of ""Magnificent Seven"": ETFs in Focus",,
2023-10-17,The Zacks Analyst Blog Highlights Adobe Salesforce Workday and Technology Select Sector SPDR,,
2023-10-16,3 Enterprise Software Stocks to Bet On Amid GenAI-Driven Rally,,
2023-10-13,US Stocks Falter Oil Gold Rally As Israel-Hamas Conflict Escalates: What's Driving Markets Friday?,,
2023-10-13,4 Top-Ranked Sector ETFs to Buy for Q4,,
2023-10-13,ETFs in Focus as Microsoft Closes Activision Deal,,
2023-10-13,Inflation Steadies in September: ETFs to Gain,,
2023-10-12,Stocks Mixed While Dollar Treasury Yields Surge After CPI Data: What's Driving Markets Thursday?,,
2023-10-12,Inflation Heats Up But Economists Stand Firm On Fed Interest Rates: Dollar Gears Up To Break 6-Day Losing Streak,,
2023-10-12,Q3 Earnings Seasons Kicks Into High Gear Amid Mixed Outlook: What to Expect?,,
2023-10-10,Should You Invest in the First Trust Technology AlphaDEX ETF (FXL)?,,
2023-10-10,Should You Invest in the iShares Expanded Tech Sector ETF (IGM)?,,
2023-10-09,Can US Stock Market Keep Outperform the World in Q4?,,
2023-10-07,Here’s where ETF investors could turn to hide as Treasurys sell-off upends U.S. stocks,,
2023-10-06,Shutdown Averted Treasury Yields Flirt With 5% Strong Payrolls Add to Fed Tightening Risk: The Week In The Markets,,
2023-10-06,Stocks Rebound After Booming Jobs Data Treasury Yields Near 5% S&P 500 Set To Snap 4 Weeks Of Declines: What's Driving Markets Friday?,,
2023-10-05,Rising Bond Yields Fuel Sector Rotation,,
2023-10-03,HP stock rises following a double upgrade ahead of investor meeting,,
2023-10-02,Stocks Tumble Tech Stands Firm Treasuries Enter Turmoil As Jerome Powell Speaks: What's Driving Markets Monday?,,
2023-09-29,5 Stocks 5 ETFs Make Moves After Friday Release Of Fed's Preferred Inflation Data,,
2023-09-27,Should You Invest in the SPDR NYSE Technology ETF (XNTK)?,,
2023-09-26,Should Wall Street ETFs At All Worry Government Shutdown?,,
2023-09-26,Should You Invest in the Fidelity MSCI Information Technology Index ETF (FTEC)?,,
2023-09-25,US Stocks See Modest Gains Energy Outperforms Bond Carnage Deepens: What's Driving Markets Monday?,,
2023-09-25,Morgan Stanley Strategist Advocates Defensive Stance As Market Dynamics Shift,,
2023-09-25,Should You Invest in the Invesco S&P SmallCap Information Technology ETF (PSCT)?,,
2023-09-24,IETC: Actively Managed Tech ETF Flying Under The Radar,,
2023-09-21,Should You Invest in the Invesco Dorsey Wright Technology Momentum ETF (PTF)?,,
2023-09-21,Should You Invest in the iShares U.S. Technology ETF (IYW)?,,
2023-09-20,Nasdaq 100 Dips To September Lows US Yields Rise To July 2006 Peak As Fed Delivers Hawkish Hold,,
2023-09-20,Blue Chips Rise Tech Slips Ahead of Fed Meeting: What's Driving Markets Wednesday?,,
2023-09-20,Should You Invest in the Vanguard Information Technology ETF (VGT)?,,
2023-09-20,Is Invesco S&P 500 Equal Weight Technology ETF (RSPT) a Strong ETF Right Now?,,
2023-09-18,Is $100 Oil On The Horizon? Industry Experts Say Yes Here's Why,,
2023-09-18,Stocks Edge Higher As Dollar Takes Breather Tesla And Automakers Decline: What's Driving Markets Monday?,,
2023-09-15,Stock Retreats As Bond Yields Climb Amid Oil Concerns UAW Strike: What's Driving Markets Friday?,,
2023-09-15,Inside the Latest Rally in Cybersecurity ETFs,,
2023-09-15,Should You Invest in the First Trust NASDAQ-100-Technology Sector ETF (QTEC)?,,
2023-09-14,Tech AI ETFs are soaring but flows show investors holding back,,
2023-09-14,Is First Trust NASDAQ-100-Technology Sector ETF (QTEC) a Strong ETF Right Now?,,
2023-09-14,The Zacks Analyst Blog Highlights Apple Technology Select Sector SPDR Fund Vanguard Information Technology ETF MSCI Information Technology Index ETF and iShares US Technology ETF,,
2023-09-13,Apple ETFs in Focus Post iPhone 15 Launch,,
2023-09-13,Should You Invest in the Technology Select Sector SPDR ETF (XLK)?,,
2023-09-13,CPI Report Sends Ripples Through 5 Key ETFs: Banks Stumble Bonds Waver Tech Resilient,,
2023-09-13,US Stocks Rise Despite Hot Inflation As Fed Sentiment Remains Unshaken: What's Driving Markets Wednesday?,,
2023-09-12,S&P 500’s tech stocks slump with Apple event failing to provide boost to the sector,,
2023-09-12,Stocks Mixed Tech Slides As Investor Caution Prevails Ahead of  CPI Report: What's Driving Markets Tuesday?,,
2023-09-11,Apple ETFs in Focus Ahead of iPhone 15 Launch Event,,
2023-09-08,What Lies Ahead for Apple ETFs After iPhone Use Ban?,,
2023-09-07,Apple Ban Rattles Tech Stocks Dollar Soars To 6-Month Peaks: What's Driving Markets Thursday?,,
2023-09-03,1 Stock to Buy 1 Stock to Sell This Week: Airbnb Kroger,,
2023-09-01,5 Sector ETFs Win on Q2 Earnings Beat,,
2023-09-01,Is the Market Due for a Deeper Reversion? Trends Don't Lie,,
2023-08-31,US Stocks Stall Despite Benign PCE Inflation Down Month Looms: What's Driving Markets Thursday?,,
2023-08-29,Stocks Surge On Dismal Jobs Data Rate Hike Fears Ease: What's Driving Markets Tuesday?,,
2023-08-29,Should You Invest in the Invesco S&P 500 Equal Weight Technology ETF (RSPT)?,,
2023-08-28,Is First Trust Technology AlphaDEX ETF (FXL) a Strong ETF Right Now?,,
2023-08-25,Don't Fear Higher Rates: Tech ETFs to Rule on Nvidia & Allies,,
2023-08-25,Bulls Regain Momentum After Fed's Reassuring Start At Jackson Hole: 5 ETF Reactions,,
2023-08-24,US Stocks Sink Dollar Jumps As Investors Fret Over Fed's Jackson Hole Event: What's Driving Markets Thursday?,,
2023-08-23,Nvidia's Q2 'Drop The Mic' Moment Potentially Igniting A Tech Rally That Will Continue Through Rest Of Year: Analyst,,
2023-08-23,Stocks Rally Ahead Of Nvidia's Earnings; Treasury Yields Plunge On Soft Data: What's Driving Markets Wednesday?,,
2023-08-22,Nvidia may be the AI stock for now but here are the picks for later says Goldman Sachs,,
2023-08-22,US Stock Market Is Oversold and a Near-Term Rally Is in the Offing,,
2023-08-21,US Stocks Mixed Treasury Yields Soar To More Than A Decade High: What's Driving Markets Monday?,,
2023-08-21,'Godfather Of AI' Jensen Huang And Nvidia Will Offer Bullish Outlook To Fuel Tech Rally 'Into Rest Of Year' Says Analyst,,
2023-08-21,Is SPDR NYSE Technology ETF (XNTK) a Strong ETF Right Now?,,
2023-08-18,Is Michael Burry Right About the U.S. Stock Market Again?,,
2023-08-17,Stocks Waver Amid Rising Treasury Yields; Oil Leads Bitcoin Dips: Thursday's Market Movers,,
2023-08-14,US Stocks Surge Chipmakers Rally Despite China's Woes: What's Driving Markets Monday?,,
2023-08-14,US Retail Sales Accelerate On Track For The Best Streak In Over A Year: Sector ETFs To Watch,,
2023-08-11,ETF Lessons to Learn from Berkshire Earnings,,
2023-08-11,Inflation Moderates in July: ETFs to Gain,,
2023-08-11,5 ETFs Responding To PPI Surge And Consumer Sentiment Dip On Friday,,
2023-08-11,US Stocks Falter On PPI Data Nasdaq Hits 1-Month Low: What's Driving Markets Friday?,,
2023-08-10,Should You Invest in the iShares Expanded Tech Sector ETF (IGM)?,,
2023-08-10,Nvidia Is Down But AI Chip Juggernaut Not Down for the Count,,
2023-08-10,Should You Invest in the First Trust Technology AlphaDEX ETF (FXL)?,,
2023-08-09,Stocks Retreat Nasdaq Hits 4-Week Low Energy Sector Rallies: What's Driving Markets Wednesday?,,
2023-08-08,Bank Downgrades Trigger Stock Sell-Off; Treasuries Dollar Rally Amid Safe-Haven Demand: What's Driving Markets Tuesday?,,
2023-08-07,Stocks Rebound Value Makes Comeback Treasury Yields  Resume Climb: What's Driving Markets Monday?,,
2023-08-04,ETFs in Focus Post Apple's Q3 Earnings and Revenue Beat,,
2023-08-04,"""Big Tech"" Earnings Review: ETFs in Focus",,
2023-08-03,Looking to Bet On Perfect AAA Credit Ratings? Play These ETFs,,
2023-08-02,Nasdaq Plunges VIX Spikes As US Credit Downgrade Sparks Rush To Cash: What's Driving Markets Wednesday?,,
2023-08-01,The Successor to AI: A Look at Key Sectors,,
2023-08-01,Stocks Dip Bond Yields Rise And Dollar Gains As Investors Turn Cautious: What's Driving Markets Tuesday,,
2023-08-01,Zebra Technologies’ stock rocked after revenue outlook slashed amid ‘significant’ drop in demand,,
2023-07-30,1 Stock to Buy 1 Stock to Sell This Week: Apple Pfizer,,
2023-07-29,The Best Way to 10X Your Retirement Savings in 20 Years,,
2023-07-28,4 Reasons Why Stocks on Wall Street Could Be in For a Volatile August,,
2023-07-28,K2 Hedge Fund Strategy Outlook: Q3 2023,,
2023-07-27,Nasdaq Soars Meta Rallies Dow Flirts With Record Streak and Oil Jumps To $80: What's Driving Markets Thursday?,,
2023-07-26,Should You Invest in the SPDR NYSE Technology ETF (XNTK)?,,
2023-07-26,Markets Brace For Fed Meeting: US Stocks In Decline With Microsoft Headed For 2023's Worst Day,,
2023-07-26,Microsoft Q4 Earnings Beat Shares Slip: ETFs in Focus,,
2023-07-25,US Stocks Climb Before Big Tech Earnings Fed Meeting As China Stimulus Boosts Excitement: What's Driving Markets Tuesday?,,
2023-07-25,Should You Invest in the Fidelity MSCI Information Technology Index ETF (FTEC)?,,
2023-07-24,Tech stocks look strong but here's a sign the sector is actually under a lot of stress,,
2023-07-24,Should You Invest in the Invesco S&P SmallCap Information Technology ETF (PSCT)?,,
2023-07-24,Fed Decision Could Spur Sector Rotation on Wall Street,,
2023-07-23,1 Stock to Buy 1 Stock to Sell This Week: McDonald’s Snap,,
2023-07-22,High Bar For Tech Earnings,,
2023-07-20,ETFs to Gain as Apple Reportedly Takes the Generative AI Leap,,
2023-07-20,Nasdaq Crashes As Netflix And Tesla Sink Dow Roars And Dollar Rallies: What's Driving Markets Thursday?,,
2023-07-20,Should You Invest in the Invesco DWA Technology Momentum ETF (PTF)?,,
2023-07-20,Should You Invest in the iShares U.S. Technology ETF (IYW)?,,
2023-07-19,5 Leading Stocks to Buy as Recession Fears Ease,,
2023-07-19,ETFs in Focus as Microsoft Hits All-Time High: What Lies Ahead?,,
2023-07-19,Stocks Extend Gains Dow Tops 35000 Dollar Rebounds: What's Driving Markets Wednesday?,,
2023-07-19,SCHD: Why I'm Buying Before The Tide Turns Up (Rating Upgrade),,
2023-07-19,ETFs to Tap on Microsoft's New AI Subscription Drive,,
2023-07-18,Infosys (INFY) Secures $2B AI Contract From an Existing Client,,
2023-07-17,Stocks Continue To Climb As Tech Financials Gain Dollar Stays At 15-Month Lows: What's Driving Markets Monday?,,
2023-07-17,3 Enterprise Software Stocks That Can Carry Momentum Further,,
2023-07-17,Should You Invest in the Vanguard Information Technology ETF (VGT)?,,
2023-07-17,How to Invest in Microsoft Stock,,
2023-07-16,1 Stock to Buy 1 Stock to Sell This Week: Netflix Goldman Sachs,,
2023-07-14,Earnings Forecast to Fuel Stocks Ahead? Sector ETFs to Benefit,,
2023-07-14,Should You Invest in the Technology Select Sector SPDR ETF (XLK)?,,
2023-07-13,Microsoft Next to Join $3T Club? ETFs to Benefit,,
2023-07-13,Tech Stocks Lead Market Upsurge As Inflation And Fed Tightening Fears Diminish: Thursday's Market Movers,,
2023-07-13,5 ETFs to Gain as Inflation Drops to a 2-Year Low,,
2023-07-11,Should You Invest in the First Trust NASDAQ-100-Technology Sector ETF (QTEC)?,,
2023-07-11,Stocks: The Longer-Term View,,
2023-07-11,Stocks Tick Higher As Energy Giants Lead The Way With Oil Reaching Two-Month Highs: Tuesday's Market Movers,,
2023-07-10,S&P 500 Nasdaq 100 Ease As Traders Await CPI Report: What's Driving Markets Monday,,
2023-07-10,Invest in These 3 Stocks That Lagged 1H23's Tech Rally,,
2023-07-10,Is First Trust NASDAQ-100-Technology Sector ETF (QTEC) a Strong ETF Right Now?,,
2023-07-08,QQQ: Prepare For A Steep Decline (Rating Downgrade),,
2023-07-07,Beyond AI 6 Factors That Could Boost Wall Street ETFs in 2H,,
2023-07-05,Best & Worst ETF Areas of First Half 2023,,
2023-07-05,Top 15 Stocks to Buy and Hold for the Rest of 2023 as Wall Street Roars Ahead,,
2023-07-04,XLK: Buy The Bullish Forces (Technical Analysis),,
2023-07-03,Stocks Gain Ground Before Independence Day Break: EV Sector Leads Charge With Solid Deliveries,,
2023-07-03,Take a Bite of These ETFs on Historic Apple's $3T Valuation,,
2023-07-02,1 Stock to Buy 1 Stock to Sell This Week: JPMorgan Chase Levi Strauss,,
2023-06-30,Wall Street Poised To Wrap Up Strong First Half Apple Hits $3 Trillion Nasdaq Surges 38% YTD: Friday's Market Drivers,,
2023-06-28,Stocks Hold Steady US Mulls China Chip Restrictions Powell Sounds Hawkish: What's Driving Markets Wednesday,,
2023-06-28,Apple to Hit $4-Tn Market Cap in 2024? ETFs in Focus,,
2023-06-28,Should You Invest in the Invesco S&P 500 Equal Weight Technology ETF (RSPT)?,,
2023-06-27,Stocks Rebound Tech Rallies As Dip Buyers Return: What's Driving Markets Tuesday?,,
2023-06-27,Is Invesco S&P 500 Equal Weight Technology ETF (RSPT) a Strong ETF Right Now?,,
2023-06-26,Recession Always Six Months Away? Analyst Rebukes Forecasters' Perpetual Economic Pessimism,,
2023-06-26,'AI Gold Rush' Triggers Onset Of Tech Bull Market According To Analyst: '4th Industrial Revolution' Has Begun,,
2023-06-26,Wall Street Jumps on the AI Trend With ETFs but Should You Join In?,,
2023-06-23,Stocks Fall Ending S&P 500's Winning Streak While Dollar Gains On Safe-Haven Flows: What's Driving Markets Friday?,,
2023-06-21,Tech Stocks Sink AI Rally Dwindles As Powell Hints At Further Hikes: What's Driving Markets Wednesday,,
2023-06-21,Has the Tech Bull Run Gone Too Far Too Fast?,,
2023-06-21,WKLY: Get Paid Every Week,,
2023-06-21,S&P 500 Q2 Earnings Revenue Growth on Course for Upside Surprise,,
2023-06-20,QQQ: The 'New Bull Market' Is Fooling You,,
2023-06-20,Stocks Fall Treasuries Gain As Investors Await Powell Congressional Hearings: What's Driving Markets,,
2023-06-19,Is SPDR NYSE Technology ETF (XNTK) a Strong ETF Right Now?,,
2023-06-17,Our simple 8-fund portfolio is crushing the market and the 'smart' money—again,,
2023-06-16,Microsoft Roars to New High: ETFs to Tap the Strength,,
2023-06-16,SPY: The Fed Is Likely To Cap The Bear Market Rally,,
2023-06-15,4 Sector ETFs Showing Improvement Ahead of Q2 Earnings Season,,
2023-06-15,Stocks Continue To Climb Dismissing Rate Hike Fears While Dollar Tumbles On Hawkish ECB: What's Driving Markets Today?,,
2023-06-14,5 ETF Zones to Benefit as Inflation Drops to 4% in May,,
2023-06-14,2 Undervalued Tech Stocks to Buy as Fed Hits Pause on Rate Hikes,,
2023-06-11,Fed Hikes Quantitative Tightening And International Price Action With Mike Zaccardi,,
2023-06-09,Is First Trust Technology AlphaDEX ETF (FXL) a Strong ETF Right Now?,,
2023-06-09,Just Because It's an ETF Doesn't Mean It's Diversified -- Know What You Own,,
2023-06-07,Zacks Investment Ideas feature highlights: Apple XLK VGT FTEC and IYW,,
2023-06-06,Apple ETFs in Focus Post Slew of Product Launch,,
2023-06-02,Should You Invest in the Invesco S&P 500 Equal Weight Technology ETF (RYT)?,,
2023-06-01,ETFs Flows to Watch: SPY Attracts Staggering $18B Inflows in May The Highest Since December 2021 As Investors Jump On AI Rally,,
2023-06-01,Tech-related ETFs post huge 2023 gains with boost from AI hype but some big ones still are left with outflows,,
2023-05-30,Should You Invest in the iShares Expanded Tech Sector ETF (IGM)?,,
2023-05-30,U.S. Debt Deal: ETFs to Win/Lose,,
2023-05-28,1 Stock to Buy 1 Stock to Sell This Week: Salesforce Dollar General,,
2023-05-26,Tech ETFs Burning Hot on AI-Fueled Nvidia Surge,,
2023-05-26,Wall Street Breakfast Podcast: The Few The Tech The Stock Leaders,,
2023-05-26,Should You Invest in the SPDR NYSE Technology ETF (XNTK)?,,
2023-05-25,Should You Invest in the First Trust Technology AlphaDEX ETF (FXL)?,,
2023-05-24,Apple Close to Reclaiming $3T Market Cap: Top ETFs to Bet,,
2023-05-23,Stay bullish on stocks bearish on commodities as deflation clouds gather says this quant strategy,,
2023-05-22,Should You Invest in the Invesco S&P SmallCap Information Technology ETF (PSCT)?,,
2023-05-22,Box Office Bounces Back: Entertainment Stocks Produce Strong Returns,,
2023-05-21,1 Stock to Buy 1 Stock to Sell This Week: DICK’S Sporting Goods Nvidia,,
2023-05-19,5 Sector ETFs Win on Q1 Earnings Beat,,
2023-05-19,The Zacks Analyst Blog Highlights IYW XNTK XLK VGT and FTEC,,
2023-05-18,Tech ETFs Roaring to New 52-Week Highs,,
2023-05-18,Here’s where BlackRock sees a top thematic ETF investing opportunity as tech soars,,
2023-05-17,Insights Into 13F Filings: ETFs to Bet Like Billionaires,,
2023-05-17,Should You Invest in the iShares U.S. Technology ETF (IYW)?,,
2023-05-16,Technology ETF (XLK) Hits New 52-Week High,,
2023-05-15,ETFs to Win/Lose on Reduced Buybacks,,
2023-05-15,The 'end of the runway' is nearing for lofty tech and soggy banks. Get ready says this strategist,,
2023-05-15,Should You Invest in the Invesco DWA Technology Momentum ETF (PTF)?,,
2023-05-15,Should You Invest in the Vanguard Information Technology ETF (VGT)?,,
2023-05-12,5 Top-Ranked ETFs to Tap the Red-Hot Technology Sector,,
2023-05-11,University Of Michigan's May Consumer Sentiment Forecast: Inflation Concerns Threaten Market Sectors,,
2023-05-11,ETF Areas to Benefit/Lose from Cooling U.S. inflation,,
2023-05-11,Inflation Drops Below 5% Since 2022: ETFs Set to Gain,,
2023-05-10,The Zacks Analyst Blog Highlights UUP XLK VGT EWJ and SRS,,
2023-05-10,Should You Invest in the First Trust NASDAQ-100-Technology Sector ETF (QTEC)?,,
2023-05-09,Is First Trust NASDAQ-100-Technology Sector ETF (QTEC) a Strong ETF Right Now?,,
2023-05-09,Should You Invest in the Technology Select Sector SPDR ETF (XLK)?,,
2023-05-09,Follow Buffett and Munger With These ETFs,,
2023-05-08,Tech Takes Vengeance On Energy After Awful 2022 While Fed Rate Peaks And Oil Losses Shape Stock Performance,,
2023-05-08,5 Stock Market Predictions for the Week: CPI Data to Keep Investors on Their Toes,,
2023-05-05,Take a Bite of Apple With These ETFs Post Solid Q2 Earnings,,
2023-05-04,The Trouble With 'The New Safety Trade',,
2023-05-03,What Lies Ahead for Apple ETFs in Fiscal Q2 Earnings?,,
2023-05-03,Fed Hike or Pause: Tech ETFs Will Likely Rule in 2023,,
2023-05-02,Will This Be the Final Fed Rate Hike? ETFs to Win,,
2023-05-01,Stock Market Not as Strong as You May Think,,
2023-04-30,Will Apple Join The Party After Big Tech's Earnings Outperformed Last Week? Here's What One Analyst Says.,,
2023-04-27,Tech and Communications Still Lead Equity Sectors in 2023,,
2023-04-27,Fear & Greed Index Moves To 'Neutral' Zone After Dow Drops Over 200 Points,,
2023-04-26,ETFs to Buy on Microsoft's Q2 Earnings Strength,,
2023-04-25,ETF Strategies to Follow Warren Buffett's Investing Wisdom,,
2023-04-19,BofA Fund Manager Survey: Investors Underweight In Stocks Reaches 2009 Crisis Levels,,
2023-04-15,Democratic presidential longshot Marianne Williamson on challenging Biden: 'We should have as many people running in an election as feel moved',,
2023-04-10,Seeking Risk-Free Investments? Look Beyond Gold Dollar To These Stocks Says Analyst,,
2023-04-07,Is SPDR NYSE Technology ETF (XNTK) a Strong ETF Right Now?,,
2023-04-06,Is First Trust Technology AlphaDEX ETF (FXL) a Strong ETF Right Now?,,
2023-04-04,Is Invesco S&P 500 Equal Weight Technology ETF (RYT) a Strong ETF Right Now?,,
2023-04-03,4 Must-Buy Technology Stocks Amid Current Market Volatility,,
2023-04-03,5 Top-Ranked ETFs to Buy for April,,
2023-04-02,1 Stock to Buy 1 Stock to Sell This Week: Walmart Levi Strauss,,
2023-03-31,How to Invest in Apple Stock,,
2023-03-31,SPY: The Recession Expected To Start Next Week,,
2023-03-30,Should You Invest in the iShares Expanded Tech Sector ETF (IGM)?,,
2023-03-29,Are Tech ETFs Safe Bets Amid Banking Crisis?,,
2023-03-28,Big Tech ETFs Roar: Will the Rally Continue?,,
2023-03-27,Should You Invest in the Invesco S&P 500 Equal Weight Technology ETF (RYT)?,,
2023-03-27,QQQ: Next Leg Lower Approaching,,
2023-03-26,SPY: It Could Go Either Way From Here,,
2023-03-26,1 Stock to Buy 1 Stock to Sell This Week: Lululemon Walgreens,,
2023-03-25, The most hated stocks are  crushing Wall Street in 2023 -- so far,,
2023-03-24,Should You Invest in the First Trust Technology AlphaDEX ETF (FXL)?,,
2023-03-23,Accenture to lay off 19000 employees while stock jumps after earnings beat,,
2023-03-23,SPY: I Am Short Again,,
2023-03-22,Should You Invest in the Fidelity MSCI Information Technology Index ETF (FTEC)?,,
2023-03-21,Tech and Communications Services Lead Equity Sectors in 2023,,
2023-03-21,Should You Invest in the SPDR NYSE Technology ETF (XNTK)?,,
2023-03-20,U.S. stock market sectors reclassified with big shifts  to financials from tech,,
2023-03-20,Should You Invest in the Invesco S&P SmallCap Information Technology ETF (PSCT)?,,
2023-03-17,GICS Sector Changes: Impact on Sector ETFs,,
2023-03-17,SPY: I Closed The Short Positions,,
2023-03-16,What ETF Investors Need to Know About GICS Changes,,
2023-03-15,Winning Sector ETFs In Light of February Jobs Data,,
2023-03-15,Should You Invest in the Invesco DWA Technology Momentum ETF (PTF)?,,
2023-03-15,3 Reasons Why a Spring Rally May Be Just Around the Corner,,
2023-03-14,'Cinderella Story Over' Says Analyst: 6 Potential Tech Losers From SVB's Dark Crash,,
2023-03-14,Should You Invest in the iShares U.S. Technology ETF (IYW)?,,
2023-03-13,Should You Invest in the Vanguard Information Technology ETF (VGT)?,,
2023-03-10,Time to Tap Buyback ETFs?,,
2023-03-09,Should You Invest in the First Trust NASDAQ-100-Technology Sector ETF (QTEC)?,,
2023-03-07,Why financials may become the ‘new crowded’ sector after looming classification changes in stock market,,
2023-03-07,Apple Amazon AMD And 10 More Tech Stocks Morgan Stanley Recommends Through Market Trough Into Next Bull Run,,
2023-03-07,Should You Invest in the Technology Select Sector SPDR ETF (XLK)?,,
2023-03-07,Is First Trust NASDAQ-100-Technology Sector ETF (QTEC) a Strong ETF Right Now?,,
2023-03-06,How GICS Changes Will Impact Popular Sector ETFs,,
2023-03-05,S&P 500: Trend Followers Are Buying The Dip - Sell Into The Strength,,
2023-03-02,Investing in Sector ETFs,,
2023-03-02,A Bull Market Is Coming: 3 Top Exchange-Traded Funds to Buy Now,,
2023-02-23,Invest Like Warren Buffett With These ETFs,,
2023-02-21,Meta Stock Shoots Up 2%: Why Facebook Parent Is Defying Tech-Weakness Today,,
2023-02-20,QQQ: Buyers Show The Way,,
2023-02-15,Time to Take a Bite Out of Apple ETFs Following Warren Buffett?,,
2023-02-15,Inflation Rises the Lowest Since October 2021: ETFs to Tap,,
2023-02-14,Best Tech ETFs In Nasdaq's Worst Week Since December,,
2023-02-13,S&P 500 Earnings: How have Estimated 2023 Sector Growth Rates Changed,,
2023-02-08,2 Leading Dividend-Paying Tech Stocks to Buy Amid Current Climate,,
2023-02-08,State of the Union: 5 key challenges for Biden as he delivers his speech,,
2023-02-03,ETFs in Focus on Apple's First Earnings Miss Since 2016,,
2023-02-02,Is Invesco S&P 500 Equal Weight Technology ETF (RYT) a Strong ETF Right Now?,,
2023-02-01,Is First Trust Technology AlphaDEX ETF (FXL) a Strong ETF Right Now?,,
2023-01-28,The Week On Wall Street - Pros And Cons,,
2023-01-27,Biden blasts Republicans over debt-limit standoff: 'They're actually threatening to have us default',,
2023-01-26,Should You Invest in the iShares Expanded Tech Sector ETF (IGM)?,,
2023-01-25,SPY: The Bear Market Pause Likely Near The End,,
2023-01-25,ETFs in Focus on Microsoft Q2 Earnings Beat & Weak Cloud,,
2023-01-23,Should You Invest in the Invesco S&P 500 Equal Weight Technology ETF (RYT)?,,
2023-01-20,Should You Invest in the Fidelity MSCI Information Technology Index ETF (FTEC)?,,
2023-01-18,The most unpopular portfolio in America wins in 2022 — again,,
2023-01-17,Can Apple Weather Economic Storm Will Enterprise Spending Fall Off Cliff? Analyst Weighs In Ahead Of Tech Earnings Season,,
2023-01-17,Should You Invest in the SPDR NYSE Technology ETF (XNTK)?,,
2023-01-17,Should You Invest in the First Trust Technology AlphaDEX ETF (FXL)?,,
2023-01-16,1 Stock to Buy 1 Stock to Dump This Week: Netflix Goldman Sachs,,
2023-01-16,Should You Invest in the Invesco S&P SmallCap Information Technology ETF (PSCT)?,,
2023-01-13,The Republican House sets up a committee on ‘the weaponization of the federal government’ and a crypto panel — but terminates others,,
2023-01-13,5 ETFs to Benefit as Monthly Inflation Drops to 2-Year Low,,
2023-01-12,Inflation is Slowing But is it Enough to Slow the Fed? 3 ETFs to Fight Back,,
2023-01-12,3 Reasons Why Tech ETFs May Rebound in 2023,,
2023-01-12,Should You Invest in the Invesco DWA Technology Momentum ETF (PTF)?,,
2023-01-12,1 Exceptional Recession-Resistant Growth Stock to Buy in 2023,,
2023-01-10,Should You Invest in the Vanguard Information Technology ETF (VGT)?,,
2023-01-10,Should You Invest in the iShares U.S. Technology ETF (IYW)?,,
2023-01-09,Ahead Of Tech Earnings Analyst Says Sector Is 'Under-Owned' — Repeats Calls For 20% Rally,,
2023-01-06,Investing in Tech ETFs,,
2023-01-05,Is First Trust NASDAQ100Technology Sector ETF (QTEC) a Strong ETF Right Now?,,
2023-01-05,Should You Invest in the Technology Select Sector SPDR ETF (XLK)?,,
2023-01-04,Should You Invest in the First Trust NASDAQ100Technology Sector ETF (QTEC)?,,
2022-12-30,Tech ETFs 2022 Low-Down: Dividend Wins Cryptocurrency Loses,,
2022-12-27,What a Weakening U.S. Dollar Means for Large-Cap Tech Stocks,,
2022-12-24,Apple Bans TikTok? Netflix Merger? 7 Bold Tech Predictions For 2023,,
2022-12-20,Apple 'Weaker Than Consensus' Not Much Going For EVs Server Either: Analyst Says 'No Reason To Be Optimistic' For Tech Sector In 2023,,
2022-12-19,20% Stock Rally Rising M&A Activity Apple's AR Glasses Incremental Job Cuts And More: Analyst Shares Christmas Wish List For Tech Sector,,
2022-12-16,IYW: Technology Dashboard For December,,
2022-12-14,2 Beaten-Down Growth Stocks to Buy Now as Fed Pivot Hopes Surge,,
2022-12-07,Time to Buy Cybersecurity ETFs on Earnings Strength?,,
2022-12-07,Wall Street Breakfast: Down To Georgia,,
2022-12-07,Democratic incumbent Warnock wins Georgia's Senate runoff election — here's why it matters,,
2022-12-06,Why today's Georgia Senate runoff election between Herschel Walker and Raphael Warnock matters,,
2022-12-01,Is SPDR NYSE Technology ETF (XNTK) a Strong ETF Right Now?,,
2022-11-30,The Zacks Analyst Blog Highlights XLK VGT FTEC ONLN and VCR,,
2022-11-29,Should You Go Bottom Fishing Big Tech ETFs Following Soros?,,
2022-11-29,Is Invesco S&P 500 Equal Weight Technology ETF (RYT) a Strong ETF Right Now?,,
2022-11-25,Should You Invest in the iShares Expanded Tech Sector ETF (IGM)?,,
2022-11-23,Wall Street Breakfast: Tech Layoffs,,
2022-11-22,Should You Invest in the Invesco S&P 500 Equal Weight Technology ETF (RYT)?,,
2022-11-21,Is First Trust Technology AlphaDEX ETF (FXL) a Strong ETF Right Now?,,
2022-11-19,Alphabet Vs. Meta Platforms: Which Stock Is The Better Investment?,,
2022-11-17,'Darker Macro' Awaits As Amazon Google Meta Forced To Cut Costs After 'Hypergrowth' Phase: Analyst Says What's Next For Tech Stocks,,
2022-11-17,Should You Invest in the Fidelity MSCI Information Technology Index ETF (FTEC)?,,
2022-11-17,Should You Invest in the SPDR NYSE Technology ETF (XNTK)?,,
2022-11-16,Should You Invest in the Invesco S&P SmallCap Information Technology ETF (PSCT)?,,
2022-11-14,Should You Invest in the First Trust Technology AlphaDEX ETF (FXL)?,,
2022-11-11,Should You Invest in the Invesco DWA Technology Momentum ETF (PTF)?,,
2022-11-11,Apple Gains Record $191 Market-Cap Value: ETFs Surge,,
2022-11-10,Should You Invest in the iShares U.S. Technology ETF (IYW)?,,
2022-11-09,Bet on These Equity ETFs to Follow Warren Buffett,,
2022-11-08,Here’s what the midterm elections could mean for the financial sector energy healthcare and more,,
2022-11-08,Should You Invest in the Vanguard Information Technology ETF (VGT)?,,
2022-11-03,Can You Actually Retire a Millionaire With ETFs Alone?,,
2022-11-02,Is First Trust NASDAQ100Technology Sector ETF (QTEC) a Strong ETF Right Now?,,
2022-11-02,Should You Invest in the Technology Select Sector SPDR ETF (XLK)?,,
2022-11-01,Should You Invest in the First Trust NASDAQ100Technology Sector ETF (QTEC)?,,
2022-10-31,Apple Notches Best Day Since April 2020: 4 ETFs to Taste,,
2022-10-31,Is The Dow Likely To Keep Outperforming The NASDAQ?,,
2022-10-31,SPY: How Many 20% Declines Left?,,
2022-10-26,ETFs in Focus Post Microsoft Q1 Earnings Beat Soft View,,
2022-10-23,1 Stock To Buy 1 Stock To Dump This Week: Exxon Mobil Shopify,,
2022-10-17,SPY: Hard Not To Be Bearish,,
2022-10-13,QQQ: Positioning For A Major Breakdown,,
2022-10-07,AMD Samsung's Warnings Underline Looming Tech Slowdown — But This Analyst Sees Pockets Of Strength,,
2022-10-05,He nailed three big S&P 500 moves this year. Here's where this strategist sees stocks headed next with beaten down names to buy.,,
2022-09-29,Is Invesco S&P 500 Equal Weight Technology ETF (RYT) a Strong ETF Right Now?,,
2022-09-29,Is SPDR NYSE Technology ETF (XNTK) a Strong ETF Right Now?,,
2022-09-26,Least-Hurt Tech ETFs From Worst Stretch Since COVID Outbreak,,
2022-09-20,Time to Buy Tech ETFs on the Dip?,,
2022-09-19,Should You Invest in the iShares Expanded Tech Sector ETF (IGM)?,,
2022-09-19,Is First Trust Technology AlphaDEX ETF (FXL) a Strong ETF Right Now?,,
2022-09-16,Best Industry ETFs to Play,,
2022-09-16,Should You Invest in the SPDR NYSE Technology ETF (XNTK)?,,
2022-09-15,Should You Invest in the Fidelity MSCI Information Technology Index ETF (FTEC)?,,
2022-09-13,3 Top Tech Stocks to Buy in September,,
2022-09-13,Should You Invest in the Invesco S&P SmallCap Information Technology ETF (PSCT)?,,
2022-09-12,Top 5 Tech Stocks at Attractive Valuations for the Rest of 2022,,
2022-09-12,Should You Invest in the First Trust Technology AlphaDEX ETF (FXL)?,,
2022-09-08,Apple ETFs in Focus Post iPhone 14 Launch,,
2022-09-08,Should You Invest in the Vanguard Information Technology ETF (VGT)?,,
2022-09-08,5 Sectors & Its Top ETFs to Play Solid Dividend & Buyback Yield,,
2022-09-06,4 Sector ETFs to Bet Big on Decent U.S. Manufacturing Data,,
2022-09-05,Should You Invest in the iShares U.S. Technology ETF (IYW)?,,
2022-09-01,Is First Trust NASDAQ100Technology Sector ETF (QTEC) a Strong ETF Right Now?,,
2022-08-31,Looking for Earnings Beat? Play 6 Sector ETFs,,
2022-08-31,Should You Invest in the First Trust NASDAQ100Technology Sector ETF (QTEC)?,,
2022-08-29,Chart Of The Day: Communication Services Headed Toward 2020 Bottom,,
2022-08-29,Should You Invest in the Technology Select Sector SPDR ETF (XLK)?,,
2022-08-27,Can ETFs Alone Make You Retire a Millionaire?,,
2022-08-27,The Week On Wall Street - A Glass Half Empty,,
2022-08-25,2 Contrarian Buys With Massive Potential,,
2022-08-22,ETFs focused on growth stocks tumble in Monday’s stock-market selloff,,
2022-08-18,3 High-Yielding Dividend Stocks That Are Ideal for Retirees,,
2022-08-17,Short Sellers Are Ramping Up Their Bets Against Tech Stocks: Analyst Says This May Be A 'Bear Rally',,
2022-08-15,Mid-June Reversal Continues Even In Tech And Small Caps,,
2022-08-08,3 Reasons You Should Own Individual Stocks Over ETFs,,
2022-08-08,3 Sector ETFs Look Decent In Light of U.S. Manufacturing Data,,
2022-08-05,Zacks Investment Ideas feature highlights: XLE XLK and XLY,,
2022-08-04,Why Tech is Dominating This Rally Off the June Low,,
2022-08-03,China Might Slow Global Tech Supply Chain More As Response To Pelosi's Taiwan Trip Munster Warns,,
2022-07-29,Apple Posts Record Revenues Beats on Earnings: ETFs to Buy,,
2022-07-27,Microsoft Q4 Earnings Miss Outlook Solid: ETFs to Tap,,
2022-07-26,Is Invesco S&P 500 Equal Weight Technology ETF (RYT) a Strong ETF Right Now?,,
2022-07-25,Is SPDR NYSE Technology ETF (XNTK) a Strong ETF Right Now?,,
2022-07-22,Should You Invest in the Invesco S&P 500 Equal Weight Technology ETF (RYT)?,,
2022-07-22,Should You Invest in the Invesco DWA Technology Momentum ETF (PTF)?,,
2022-07-20,Is First Trust Technology AlphaDEX ETF (FXL) a Strong ETF Right Now?,,
2022-07-20,Should You Invest in the iShares Expanded Tech Sector ETF (IGM)?,,
2022-07-15,Could a Sustained Tech ETF Rally Be in the Cards?,,
2022-07-14,Should You Invest in the Fidelity MSCI Information Technology Index ETF (FTEC)?,,
2022-07-13,Should You Invest in the First Trust Technology AlphaDEX ETF (FXL)?,,
2022-07-13,How Buffett Stocks Beat S&P 500: ETF Strategies to Follow,,
2022-07-12,Should You Invest in the SPDR NYSE Technology ETF (XNTK)?,,
2022-07-12,Apple stock target cut on downbeat hardware revenue outlook,,
2022-07-12,Should You Invest in the Invesco S&P SmallCap Information Technology ETF (PSCT)?,,
2022-07-06,Should You Invest in the iShares U.S. Technology ETF (IYW)?,,
2022-07-06,Should You Invest in the Vanguard Information Technology ETF (VGT)?,,
2022-07-02,Wall Street's favorite stock sector has potential upside of 43% as we enter the second half of 2022,,
2022-07-01,Is First Trust NASDAQ100Technology Sector ETF (QTEC) a Strong ETF Right Now?,,
2022-06-27,J.P. Morgan Sees 7% Jump in Markets for This Week: ETF Picks,,
2022-06-27,Should You Invest in the Technology Select Sector SPDR ETF (XLK)?,,
2022-06-27,Should You Invest in the First Trust NASDAQ100Technology Sector ETF (QTEC)?,,
2022-06-23,2 Crashing Nasdaq Stocks That You Shouldn't Buy on the Dip,,
2022-06-21,Is Bull Market Approaching? ETF Areas to Bet On,,
2022-06-17,The Zacks Analyst Blog Highlights Technology Select Sector SPDR ETF iShares Expanded Tech-Software Sector ETF Vanguard Information Technology ETF Fidelity MSCI Information Technology Index ETF and iShares U.S. Technology ETF,,
2022-06-16,Biggest U.S. Rate Hike Since 1994 in June: 4 ETFs to Win,,
2022-06-16,Cathie Wood Sees a Fast Recovery in Tech ETFs: Is It Possible?,,
2022-06-10,The Jaws Are Primed For A Big Bite Of The Apple,,
2022-06-09,5 Inverse ETFs Rallying This Year With Tech Meltdown,,
2022-06-08,6 Reasons Why Tech ETFs May Rebound Soon,,
2022-06-03,Microsoft Lowers Guidance: ETFs in Focus,,
2022-06-02,You Have Been Warned,,
2022-06-02,Top 5 Beaten-Down Technology Stocks for Long-Term Prospects,,
2022-05-24,Time for Semiconductor ETFs?,,
2022-05-24,Is Invesco S&P 500 Equal Weight Technology ETF (RYT) a Strong ETF Right Now?,,
2022-05-24,Market At Critical Inflection Point,,
2022-05-23,Is SPDR NYSE Technology ETF (XNTK) a Strong ETF Right Now?,,
2022-05-22,If You've Been Burned by Tech Stocks Try These 3 ETFs Instead,,
2022-05-19,Consider These ETF Areas to Buy the Dips,,
2022-05-19,Should You Buy the Dip Like Warren Buffett With ETFs?,,
2022-05-19,Is First Trust Technology AlphaDEX ETF (FXL) a Strong ETF Right Now?,,
2022-05-18,Should You Invest in the iShares Expanded Tech Sector ETF (IGM)?,,
2022-05-18,ETF Winners of the Latest Tech Rebound: Crypto Rules,,
2022-05-17,Should You Invest in the Invesco S&P 500 Equal Weight Technology ETF (RYT)?,,
2022-05-13,Should You Invest in the Fidelity MSCI Information Technology Index ETF (FTEC)?,,
2022-05-12,Should You Invest in the Invesco S&P SmallCap Information Technology ETF (PSCT)?,,
2022-05-11,Is There 'Massive' Opportunity in Tech? ETFs to Play,,
2022-05-11,Should You Invest in the SPDR NYSE Technology ETF (XNTK)?,,
2022-05-09,Should You Invest in the First Trust Technology AlphaDEX ETF (FXL)?,,
2022-05-05,Grab These Top-Ranked Tech ETFs to Buy the Dip,,
2022-05-05,Should You Invest in the iShares U.S. Technology ETF (IYW)?,,
2022-05-04,ETF Areas in the Spotlight Post Buffett's 2022 Meeting,,
2022-05-03,Follow Warren Buffett With These ETFs,,
2022-05-03,S&P 500: The Bear Market Phase 1 Completed - Here's What Comes Next,,
2022-05-03,Should You Invest in the Vanguard Information Technology ETF (VGT)?,,
2022-04-29,Apple Beats on Earnings Issues Weak Outlook: ETFs in Focus,,
2022-04-28,S&P 500: How Tech Earnings Impact Technicals?,,
2022-04-27,Should You Invest in the Technology Select Sector SPDR ETF (XLK)?,,
2022-04-27,Got $5000? These 2 Dividend Stocks Are Near Their 52-Week Lows,,
2022-04-27,Cloud Drives Microsoft Fiscal Q3 Earnings: ETFs to Buy,,
2022-04-25,Should You Invest in the First Trust NASDAQ100Technology Sector ETF (QTEC)?,,
2022-04-17,Tech Sector Investors Beware: The MSCI Tech Sector Is Losing Some Of Its Strongest Stocks,,
2022-04-15,If You Invested $1000 In Tesla Apple Microsoft And Other Top Stocks 5 Years Ago Here's How Much You'd Have Now,,
2022-04-14,6 Solid Sector ETFs to Buy Now,,
2022-04-13,3 Numbers That Show Why Adobe Is a Safe Buy for the Long Haul,,
2022-04-12,Should You Invest in the Invesco DWA Technology Momentum ETF (PTF)?,,
2022-04-07,Forget GameStop and AMC: Buy These 2 Growth Stocks Instead,,
2022-04-05,Grab These Top-Ranked Tech ETFs to Join the Rebound Rally,,
2022-04-02,Why This ETF Is My Number One Recommendation for New Investors,,
2022-03-25,Sell Stocks And Raise Cash: Can The Market Overcome Putin And Powell?,,
2022-03-24,Is Invesco S&P 500 Equal Weight Technology ETF (RYT) a Strong ETF Right Now?,,
2022-03-23,The Zacks Analyst Blog Highlights iShares U.S. Dividend And Buyback ETF Invesco Buyback Achievers Portfolio Technology Select Sector SPDR ETF Financial Select Sector SPDR ETF and Consumer Discretionary Select Sector SPDR ETF,,
2022-03-23,Beyond MEME 5 ETFs to Play Latest Reddit Craze,,
2022-03-23,Is SPDR NYSE Technology ETF (XNTK) a Strong ETF Right Now?,,
2022-03-22,ETFs to Tap Record S&P 500 Buybacks in Q4,,
2022-03-17,Fed Hikes Rate Growth Sectors See Surprise Gains: 5 Top Picks,,
2022-03-16,Should You Invest in the Invesco S&P 500 Equal Weight Technology ETF (RYT)?,,
2022-03-14,Should You Invest in the iShares Expanded Tech Sector ETF (IGM)?,,
2022-03-10,Bet on Top-Ranked Tech ETFs to Ride the Recent Rebound Rally,,
2022-03-10,Should You Invest in the Fidelity MSCI Information Technology Index ETF (FTEC)?,,
2022-03-09,Should You Invest in the SPDR NYSE Technology ETF (XNTK)?,,
2022-03-08,Should You Invest in the Invesco S&P SmallCap Information Technology ETF (PSCT)?,,
2022-03-07,Should You Invest in the First Trust Technology AlphaDEX ETF (FXL)?,,
2022-03-03,4 Sector ETFs to Win From Fed Rate Hike,,
2022-03-03,Should You Invest in the iShares U.S. Technology ETF (IYW)?,,
2022-03-01,EPAM Systems stock takes an epic dive on 'heightened uncertainties' over Ukraine Russia exposure,,
2022-02-24,How The Stock Market Performs In Times Of War,,
2022-02-24,Got $5000? These 2 Growth Stocks Are Down 60% From Their Highs,,
2022-02-23,Should You Invest in the First Trust NASDAQ100Technology Sector ETF (QTEC)?,,
2022-02-23,Top 5 Oil Stocks Flying High Defying Wall Street Mayhem,,
2022-02-22,5 Technology Bigwigs to Buy on the Dip Despite Recent Turmoil,,
2022-02-11,Inflation has knocked back the market. Here are the key S&P 500 and tech stock levels one strategist fears.,,
2022-02-10,ETF Areas That Deserve Your Attention Now,,
2022-02-07,Should You Invest in the Invesco DWA Technology Momentum ETF (PTF)?,,
2022-02-04,Be Choosy In Tech Investing: ETFs to Buy/Sell,,
2022-02-01,Grab These Top-Ranked Tech ETFs to Join the Latest Rebound Rally,,
2022-01-31,The Zacks Analyst Blog Highlights: Apple Inc. Technology Select Sector SPDR Fund Vanguard Information Technology ETF MSCI Information Technology Index ETF  and iShares US Technology ETF,,
2022-01-28,Apple Posts All-Time Quarterly Revenues: ETFs to Buy,,
2022-01-27,ETFs to Tap on Microsoft Solid Fiscal Q2 Earnings,,
2022-01-25,Buy The Drop: The Stock Market May Have Bottomed,,
2022-01-24,Cybersecurity ETFs Win in Nasdaq's Worst Week Since 2020,,
2022-01-22,Wall Street Breakfast: What Moved Markets,,
2022-01-21,Get Ready For The Tech Drop To Accelerate,,
2022-01-20,Is SPDR NYSE Technology ETF (XNTK) a Strong ETF Right Now?,,
2022-01-20,Wall Street Breakfast: Tech Correction,,
2022-01-19,5 ETFs to Cash in on Microsoft-Activision Deal,,
2022-01-18,5 Cheap ETFs to Play Amid Tech Stocks' Worst Start Since 2016,,
2022-01-14,ETF Strategies to Beat Inflation & Follow Warren Buffett,,
2022-01-14,Is First Trust Technology AlphaDEX ETF (FXL) a Strong ETF Right Now?,,
2022-01-13,Should You Invest in the Invesco S&P 500 Equal Weight Technology ETF (RYT)?,,
2022-01-10,Should You Invest in the iShares Expanded Tech Sector ETF (IGM)?,,
2022-01-10,Sector Themes In Play In The Markets For 2022,,
2022-01-05,Top-Ranked Technology ETFs Worth Buying on the Latest Dip,,
2022-01-05,Should You Invest in the Fidelity MSCI Information Technology Index ETF (FTEC)?,,
2022-01-04,Apple Hits $3T Market Cap for The First Time: ETFs to Buy,,
2022-01-04,7 ETF Predictions for 2022,,
2022-01-03,Take a Look at Top-Performing ETF Sectors of 2021,,
2022-01-03,Should You Invest in the Invesco S&P SmallCap Information Technology ETF (PSCT)?,,
2022-01-03,Should You Invest in the First Trust Technology AlphaDEX ETF (FXL)?,,
2021-12-29,3 Rookie Mistakes to Avoid Making in the Stock Market,,
2021-12-29,Energy Emerges the Best Sector of 2021: 5 ETFs Up At Least 70%,,
2021-12-29,Should You Invest in the iShares U.S. Technology ETF (IYW)?,,
2021-12-29,Are Semiconductors A Buy As They Outperform Broader Tech Indexes?,,
2021-12-29,10 Tech Predictions For 2022: Nasdaq At 19K Apple AR/VR Glasses Metaverse Becomes Reality And More,,
2021-12-28,Should You Invest in the Vanguard Information Technology ETF (VGT)?,,
2021-12-23,Should You Invest in the Technology Select Sector SPDR ETF (XLK)?,,
2021-12-23,Is First Trust NASDAQ100Technology Sector ETF (QTEC) a Strong ETF Right Now?,,
2021-12-21,Should You Invest in the First Trust NASDAQ100Technology Sector ETF (QTEC)?,,
2021-12-17,Make 2022 Your Year With These Specialist CEFs,,
2021-12-16,Fed Speeds Up Taper Plans: Sector ETFs to Gain,,
2021-12-15,"What ""Bubble Asset""? Tech ETFs Likely to Gain on Omicron Fear",,
2021-12-14,Apple Close to Hitting $3T Market Cap: 5 ETFs to Buy,,
2021-12-13,The Zacks Analyst Blog Highlights: XRT ONLN XLK SPYV and DRIV,,
2021-12-13,Inflation Surges To 7%: Protect Your Wealth With Yields Up To 14%,,
2021-12-12,8 Monster Stock Market Predictions: Utilities Soon Begin To Outperform Technology,,
2021-12-11,The Week On Wall Street: The S&P Rolls To Another New High,,
2021-12-10,Uncertain About 2021 Santa Rally? 5 ETFs Appear Winning Bets,,
2021-12-08,Top-Ranked Technology ETFs Worth Adding to Portfolio Now,,
2021-12-08,2 Unstoppable Growth Stocks You Can Buy and Forget About,,
2021-12-08,Should You Invest in the Invesco DWA Technology Momentum ETF (PTF)?,,
2021-11-30,Here's Why You Need to Bet on Big Tech ETFs Right Now,,
2021-11-29,5 Tech/Internet ETFs to Buy on Cyber Monday,,
2021-11-29,Congress returns to face shutdown deadline hurdles for Biden’s Build Back Better plan,,
2021-11-29,ETF Areas to Gain/Lose on Fear of Omicron Strain of Coronavirus,,
2021-11-26,5 ETFs to Benefit From a Likely Record Cyber Week Sales,,
2021-11-24,These are the most important things to check on a stock's quote page before deciding whether to buy or sell,,
2021-11-22,Technology ETF (XLK) Hits New 52-Week High,,
2021-11-17,Is SPDR NYSE Technology ETF (XNTK) a Strong ETF Right Now?,,
2021-11-16,Is Invesco S&P 500 Equal Weight Technology ETF (RYT) a Strong ETF Right Now?,,
2021-11-15,Democrats plan revamp for green cards in possible win for tech sector as Republicans object,,
2021-11-12,Top-Ranked Tech ETFs to Buy on the Latest Dip,,
2021-11-04,Should You Invest in the SPDR NYSE Technology ETF (XNTK)?,,
2021-11-04,Should You Invest in the iShares Expanded Tech Sector ETF (IGM)?,,
2021-11-02,Should You Invest in the Invesco S&P SmallCap Information Technology ETF (PSCT)?,,
2021-11-02,Should You Invest in the Fidelity MSCI Information Technology Index ETF (FTEC)?,,
2021-11-01,Should You Invest in the First Trust Technology AlphaDEX ETF (FXL)?,,
2021-10-29,Apple Revenues Disappoint First Time Since 2018: ETFs in Focus,,
2021-10-28,Tech Tops the Winners List of Past Decade: Best ETFs,,
2021-10-27,ETFs to Tap As Cloud Powers Microsoft Fiscal Q1 Earnings,,
2021-10-27,Should You Invest in the Vanguard Information Technology ETF (VGT)?,,
2021-10-21,Should You Invest in the Technology Select Sector SPDR ETF (XLK)?,,
2021-10-21,Should You Invest in the First Trust NASDAQ100Technology Sector ETF (QTEC)?,,
2021-10-18,Dow books slight loss but S&P 500 clinches longest win streak in nearly 2 months as investors shake off weak China data,,
2021-10-15,4 ETF Areas for Investors to Make the Most of Q4,,
2021-10-14,4 Sector ETFs to Win Amid Rising Inflation,,
2021-10-11,Winners And Losers,,
2021-10-09,Can You Retire a Millionaire With ETFs Alone?,,
2021-10-09,Here are the ETFs to buy if ‘reflation’ not stagflation plays out says BlackRock’s head of iShares strategy,,
2021-10-08,Should You Invest in the Invesco DWA Technology Momentum ETF (PTF)?,,
2021-10-07,Nothing Available At Any Price,,
2021-10-06,Dow scores best comeback since December S&P 500 and Nasdaq end higher as tech stocks find a footing,,
2021-09-29,Should You Buy the Dip With These Top-Ranked Tech ETFs?,,
2021-09-24,4 ETF Plays as Buybacks Bounce Back & Likely to Soar Higher,,
2021-09-16,Investors are paying up for stocks where company profit resists squeeze from inflation says strategist,,
2021-09-16,Cisco stock is now a buy at Credit Suisse which targets a rally to a 21-year high,,
2021-09-15,Apple Unveils iPhone 13 Models: ETFs to Buy,,
2021-09-15,Microsoft stock rallies as Morgan Stanley ‘conservatively estimates’ a 10% dividend hike soon,,
2021-09-08,Apple ETFs to Soar on New iPhone 13 Launch Fervor,,
2021-09-03,Best ETF Areas for Placing Your Bets in September,,
2021-09-02,Should You Invest in the Invesco DWA Technology Momentum ETF (PTF)?,,
2021-09-02,Apple’s stock peeked briefly into record territory after Wolfe Research boosted rating price target,,
2021-09-01,Top-Ranked Technology ETFs Looking Good for September,,
2021-08-30,These Stock Market Charts Will Make You a Smarter Investor,,
2021-08-24,Report Card: How Has Tim Cook Performed As Apple CEO In The 10 Years Since Taking Over For Steve Jobs?,,
2021-08-24,ETFs to Buy as Microsoft at Record High on Office 365 Price Hike,,
2021-08-24,Follow Buffett With These Inflation-Friendly ETF Strategies,,
2021-08-19,Charles Schwab survey sees ‘astounding’ influx of new traders finds tech top pick in reopening,,
2021-08-13,Wall Street Breakfast: Spending Slowdown (Podcast),,
2021-08-13,Wall Street Breakfast: Spending Slowdown,,
2021-08-06,ETF Investing Areas to Consider for August,,
2021-08-04,Technology ETFs to Grab Amid Rising Delta Variant Cases,,
2021-08-02,3 REITs To Help You Sleep Well At Night,,
2021-07-29,Fed Less Likely to Taper Soon on Delta Concerns: ETFs to Buy,,
2021-07-28,Despite Blowout Earnings Tech Heads South,,
2021-07-28,Tech ETFs to Gain on Upbeat Apple Microsoft Earnings,,
